-- phpMyAdmin SQL Dump
-- version 4.9.5
-- https://www.phpmyadmin.net/
--
-- Host: localhost:3306
-- Generation Time: Feb 03, 2021 at 10:56 AM
-- Server version: 5.7.32-cll-lve
-- PHP Version: 7.3.6

SET SQL_MODE = "NO_AUTO_VALUE_ON_ZERO";
SET AUTOCOMMIT = 0;
START TRANSACTION;
SET time_zone = "+00:00";


/*!40101 SET @OLD_CHARACTER_SET_CLIENT=@@CHARACTER_SET_CLIENT */;
/*!40101 SET @OLD_CHARACTER_SET_RESULTS=@@CHARACTER_SET_RESULTS */;
/*!40101 SET @OLD_COLLATION_CONNECTION=@@COLLATION_CONNECTION */;
/*!40101 SET NAMES utf8mb4 */;

--
-- Database: `k7725474_diginusa`
--

-- --------------------------------------------------------

--
-- Table structure for table `tb_action`
--

CREATE TABLE `tb_action` (
  `action_id` int(11) NOT NULL,
  `name` varchar(255) NOT NULL
) ENGINE=InnoDB DEFAULT CHARSET=utf8;

--
-- Dumping data for table `tb_action`
--

INSERT INTO `tb_action` (`action_id`, `name`) VALUES
(1, 'VIEW'),
(2, 'ADD'),
(3, 'EDIT'),
(4, 'DELETE'),
(5, 'OTHER');

-- --------------------------------------------------------

--
-- Table structure for table `tb_address`
--

CREATE TABLE `tb_address` (
  `address_id` int(11) NOT NULL,
  `address` text NOT NULL,
  `mail` varchar(255) NOT NULL,
  `phone` varchar(255) NOT NULL,
  `date_create` datetime NOT NULL,
  `date_update` datetime NOT NULL
) ENGINE=InnoDB DEFAULT CHARSET=utf8;

-- --------------------------------------------------------

--
-- Table structure for table `tb_banner`
--

CREATE TABLE `tb_banner` (
  `banner_id` int(11) NOT NULL,
  `name` varchar(255) NOT NULL,
  `image_cover` varchar(255) NOT NULL,
  `image_middle` varchar(255) NOT NULL,
  `text_middle` text NOT NULL,
  `text_middle_en` text NOT NULL,
  `date_create` datetime NOT NULL,
  `date_update` datetime NOT NULL,
  `top` int(11) NOT NULL DEFAULT '0',
  `status` int(11) NOT NULL DEFAULT '0'
) ENGINE=InnoDB DEFAULT CHARSET=utf8;

--
-- Dumping data for table `tb_banner`
--

INSERT INTO `tb_banner` (`banner_id`, `name`, `image_cover`, `image_middle`, `text_middle`, `text_middle_en`, `date_create`, `date_update`, `top`, `status`) VALUES
(1, 'Default', 'v29575123.mp4', '8456banner-full.jpg', '<p><span>Kami membuat konten berbasis volume data yang besar</span></p>\r\n\r\n<p>Pesan Anda akan disampaikan lewat pengalaman digital terbaik untuk menjangkau target&nbsp;lewat sejumlah perangkat mobile dan memastikan dapat menarik hati mereka.&nbsp;</p>', '<p><span>We create big data - based content</span></p>\r\n\r\n<p>To Deliver your message with the best digital experience to reach audiences at home, device, and in their heart</p>\r\n', '2018-01-12 11:29:07', '2018-04-06 11:18:22', 1, 1);

-- --------------------------------------------------------

--
-- Table structure for table `tb_campaign`
--

CREATE TABLE `tb_campaign` (
  `campaign_id` int(11) NOT NULL,
  `client_id` int(11) NOT NULL,
  `service_id` varchar(255) NOT NULL,
  `name` varchar(255) NOT NULL,
  `name_en` varchar(255) NOT NULL,
  `summary` text NOT NULL,
  `summary_en` text NOT NULL,
  `description` text NOT NULL,
  `description_en` text NOT NULL,
  `image` varchar(255) NOT NULL,
  `image_activity` varchar(255) NOT NULL,
  `date_create` datetime NOT NULL,
  `date_update` datetime NOT NULL,
  `top` int(11) NOT NULL DEFAULT '0',
  `status` int(11) NOT NULL DEFAULT '0'
) ENGINE=InnoDB DEFAULT CHARSET=utf8;

--
-- Dumping data for table `tb_campaign`
--

INSERT INTO `tb_campaign` (`campaign_id`, `client_id`, `service_id`, `name`, `name_en`, `summary`, `summary_en`, `description`, `description_en`, `image`, `image_activity`, `date_create`, `date_update`, `top`, `status`) VALUES
(1, 3, '1,2,3,4,5,6', 'Mudamudigital', 'Mudamudigital', 'Kementerian Komunikasi dan Informatika menggagas program Mudamudidigital untuk meningkatkan kecerdasan generasi muda dalam bermedia sosial. Program ini diharapkan bisa mencegah generasi muda terjebak hoax.', 'The Ministry of Communication and Informatics initiated the Mudamudidigital program to improve the young generation\'s intelligence in social media. This program is expected to prevent young people from getting trapped in hoax. ', '<p><strong>Latar Belakang</strong></p>\r\n\r\n<p>Data APJII tahun 2016 juga menyebutkan bahwa 84.2 juta orang&nbsp; melakukan transaksi&nbsp;online. Namun&nbsp;di saat yang bersamaan&nbsp;pertumbuhan pengguna yang massif ini membuka ruang yang lebih luas untuk meningkatnya radikalisme digital, jejaring teroris online, berita palsu, ujaran kebencian dan<em> cyberbullying</em>.</p>\r\n\r\n<p>Pesatnya pertumbuhan pengguna teknologi informasi dan komunikasi semacam <em>smartphone </em>dan media sosial yang tidak diimbangi dengan tingkat literasi penggunanya, hal ini terlihat dengan begitu banyak informasi <em>hoax</em>. Berita-berita <em>hoax </em>yang menyesatkan beredar lewat berbagai jalur digital, termasuk situs media online, blog, website, media sosial, email, dan aplikasi pesan instan.</p>\r\n\r\n<p>Sejak tahun 2008, terdapat 144 orang yang telah diproses hukum dikarenakan melanggar Undang Undang Informasi dan Transaksi Elektronik (ITE), terutama terkait dengan berita palsu dan ujaran kebencian di media sosial (<em>The Jakarta Post, 2017</em>). Lebih lanjut lagi hingga tahun 2016 terdapat sekitar 773.000 situs yang diblokir oleh Kementerian Kominfo dan mayoritas situs ini merupakan situs pornografi (Kominfo, 2017).</p>\r\n\r\n<p>Tindakan pemblokiran ini menunjukkan bahwa masih terdapat konten negatif di internet. Dunia digital yang diwakili oleh hadirnya internet dan media-media digital sekarang menunjukkan kondisi yang kian memprihatinkan.</p>\r\n\r\n<p>Pasalnya, dunia digital saat ini telah ditumbuhi banyak virus negatif seperti konten berbau hoax, ujaran kebencian atau <em>hate speech</em>, <em>bullying</em>, radikalisme, sampai pada beraneka ragam praktik penipuan. Salah satu upaya mengantisipasi konten negatif tersebut adalah dengan membangun budaya literasi media di masyarakat. Melalui langkah ini, dunia digital bisa menjadi sesuatu yang bernilai dan berdampak positif bagi masyarakat.</p>\r\n\r\n<p>Kementerian Kominfo akan melakukan kegiatan untuk meningkatkan literasi media dengan menyelenggarakan Literasi Cerdas Bermedia Sosial bagi kaum pemuda di Indonesia. Berdasarkan Undang &ndash; Undang Republik Indonesia Nomor 40 Tahun 2009 tentang Kepemudaan pada pasal 1 poin 1 yang dimaksud dengan pemuda adalah warga negara Indonesia yang memasuki periode penting pertumbuhan dan perkembangan yang berusia 16 (enam belas) sampai 30 (tiga puluh) tahun.</p>\r\n\r\n<p>Teknologi membuat kaum pemuda mengandalkan media sosial sebagai sumber informasi. Saat ini, media sosial telah menjadi platform pelaporan dan sumber utama berita bagi mereka.&nbsp;Sepanjang 2016 melalui beberapa peristiwa penting, seperti aksi teror bom. Pemuda mengandalkan media sosial untuk mendapatkan informasi terkini.</p>\r\n\r\n<p>The Nielsen Global Survey of E-commerce juga melakukan penelitian terhadap pergeseran perilaku belanja para generasi internet. Penelitian dilakukan berdasar penetrasi internet di beberapa negara.&nbsp;Nielsen melakukan riset terhadap 30 ribu responden yang memiliki akses internet memadai.</p>\r\n\r\n<p>Responden tersebut berasal dari 60 negara di Asia Pasifik, Eropa, Amerika Latin dan Utara, serta Timur Tengah.Studi tersebut menggambarkan perilaku generasi akrab internet ini memilih jalur daring untuk meneliti dan membeli beragam produk atau jasa dalam memenuhi kebutuhan sehari-hari. Nielsen mencatat, pertumbuhan penetrasi perangkat <em>mobile </em>di kota-kota besar Indonesia mencapai 88 %.&nbsp;</p>\r\n\r\n<p>Kepemilikan perangkat <em>mobile </em>menjadi salah satu faktor paling signifikan terhadap perilaku belanja daring. Berdasarkan riset Nielsen tersebut, Indonesia memiliki peringkat teratas secara global dalam hal penggunaan ponsel pintar untuk belanja daring.&nbsp;Sebanyak 61%&nbsp;konsumen memilih berbelanja menggunakan ponsel pintar, dan 38% lainnya memilih tablet atau perangkat mobile lain. Sementara, 58% konsumen lebih memilih menggunakan komputer.&nbsp;</p>\r\n\r\n<p>Lekat dengan dunia maya, memiliki pengetahuan tinggi dalam menggunakan platform dan perangkat mobile, generasi internet tetap memiliki kelemahan. Titik lemah tersebut sangat berdampak buruk terhadap keamanan generasi millennial di dunia maya,&nbsp;salah satunya ancaman siber berupa pencurian data pribadi.</p>\r\n\r\n<p>Norton Cyber Security mengeluarkan Insight Report November 2016. Penelitian yang dilakukan secara daring tersebut melibatkan 20.907 responden dari 21 negara dunia.&nbsp;Tiga negara Asia Tenggara, di antaranya Malaysia, Singapura, dan Indonesia.</p>\r\n\r\n<p>Penelitian berlangsung pada 14 September sampai 6 Oktober 2016. Sampel di Indonesia melibatkan lebih dari seribu pengguna berusia 18 tahun ke atas yang dipilih secara random. Generasi internet secara mengejutkan menunjukkan kebiasaan keamanan daring yang mengendur.</p>\r\n\r\n<p>Data menyebutkan, 20% generasi internet dengan senang hati berbagi kata sandi yang berpotensi mengorbankan keamanan daring mereka. Kemudian sebagian besar konsumen Indonesia atau sekitar 90% menggunakan koneksi Wi-Fi publik.&nbsp;</p>\r\n\r\n<p>Namun, hanya 51% dari mereka yang mengetahui cara mengamankan jaringan tersebut. Hanya 36% dari responden yang menghubungkan perangkat mobile dengan jaringan Wi-Fi dengan menggunakan VPN secara reguler.&nbsp;</p>\r\n\r\n<p>Sementara, 28% pengguna tidak mampu mengenali jenis email terinfeksi malware. Penelitian tersebut tidak berfokus pada jenis serangan siber.&nbsp;</p>\r\n\r\n<p>Riset Norton ini lebih menjelaskan mengenai perilaku generasi internet dalam mengamankan perangkat mobile pribadinya. Sebenarnya, penelitian menyebutkan, pengguna makin menyadari kebutuhan perlindungan perangkat, terutama dalam melindungi informasi pribadi.&nbsp;Akan tetapi, pengguna tidak termotivasi mengambil langkah pencegahan. Sebanyak 76% pemilik perangkat mobile mengetahui kepentingan perlindungan informasi daring pribadinya.&nbsp;Hanya 22% yang melindungi perangkatnya. Hal tersebut menyebabkan 39% pengguna mengalami peretasan kata sandi, 28% pembobolan akun email, dan 26% peretasan data, dan akun media sosial.</p>\r\n\r\n<p>Dengan kegiatan literasi Cerdas Bermedia Sosial diharapkan dapat mendorong potensi manfaat dan dampak positif Internet untuk masyarakat Indonesia, serta meminimalisir potensi kerugian dan dampak negatifnya. Literasi media akan dilakukan dengan menyelenggarakan forum diskusi yang menghadirkan narasumber yang memiliki pengetahuan dan kemampuan, terdiri atas :</p>\r\n\r\n<ul>\r\n	<li>Dirjen Aplikasi dan Informatika dan/atau pejabat di ditjen aptika</li>\r\n	<li>Pakar IT</li>\r\n	<li>Pegiat Media Sosial (vlogger, blogger, influencer, buzzer, selebgram)</li>\r\n</ul>\r\n\r\n<p>Selain itu, kegiatan literasi media juga akan dilakukan dengan kampanye melalui kanal-kanal media seperti radio,televisi, serta media sosial. Hal ini dilakukan karena berdasarkan hasil survey APJII tahun 2016 jenis konten internet yang sering diakses adalah media sosial sebesar 97,4% (129,2 juta), konten hiburan sebesar 96,8% (128,4 juta), dan konten berita sebesar 96,4% (127,9 juta).</p>\r\n\r\n<p>Selanjutnya, konten media sosial yang sering dikunjungi oleh pengguna internet di Indonesia adalah facebook sebesar 54%, instagram sebesar 15%, youtube sebesar 11%, google plus sebesar 6%, twitter sebesar 5,5%, dan linkedin sebesar 0,6% dari dari total pengguna internet di Indonesia.</p>\r\n\r\n<p><strong>Ruang Lingkup Kegiatan</strong></p>\r\n\r\n<p>Kegiatan Literasi Cerdas Bermedia Sosial sebagai berikut:</p>\r\n\r\n<ol>\r\n	<li>Pola Penyampaian Media</li>\r\n</ol>\r\n\r\n<ul>\r\n	<li>Mengadakan sosialisasi literasi Cerdas Bermedia Sosial.</li>\r\n	<li>Mengadakan liputan lokal kegiatan forum diskusi/sosialisasi literasi Cerdas Bermedia Sosial.</li>\r\n	<li>Membuat vlog (video blog) dengan tema literasi cerdas bermedia sosial.</li>\r\n	<li>Memproduksi konten teks, infografis, sinematografis, foto dan video.</li>\r\n	<li>Melakukan diseminasi konten melalui media radio swasta, TV swasta nasional dalam bentuk video, dan melalui media sosial.</li>\r\n	<li>Melakukan digital campaign dan berkoordinasi dengan pihak Kominfo untuk mengelola konten pada Landing Pages di website Kementerian Komunikasi dan Informatika.</li>\r\n	<li>Membuat Microsite dengan domain (.id), sedangkan untuk media sosial dibuat dengan nama kegiatan (contoh: literasimedia.kominfo.id/@literasimedia).</li>\r\n</ul>\r\n\r\n<p>&nbsp; &nbsp; &nbsp; &nbsp; 2. Unsur Konten(Native Advertisement)</p>\r\n\r\n<ul>\r\n	<li>Menggunakan konten yang menginspirasi pembaca, pemirsa,penikmat konten.</li>\r\n	<li>Menggunakan konten yang mengandung unsur hiburan.</li>\r\n	<li>Menggunakan konten yang dapat menggugah/mengedukasi.</li>\r\n	<li>Menggunakan konten yang memberikan motivasi.</li>\r\n	<li>Menggunakan konten dengan unsur ilmiah (berdasarkan riset)</li>\r\n</ul>\r\n\r\n<p><strong>Tujuan Kegiatan</strong></p>\r\n\r\n<ul>\r\n	<li>Terpublikasinya kegiatan Literasi Cerdas Bermedia Sosial melalui media cetak dan media elektronik</li>\r\n	<li>Tersosialisasinya Literasi Cerdas Bermedia Sosial kepada generasi millineal termasuk peningkatan pemahaman mengenai regulasi tentang media sosial.</li>\r\n	<li>Terwujudnya diseminasi konten yang aman, cerdas, kreatif, produktif dan inovatif.</li>\r\n	<li>Terwujudnya masyarakat millenial Cerdas Bermedia Sosial.</li>\r\n</ul>\r\n\r\n<p><strong>Target Peserta dan Matriks Kegiatan</strong></p>\r\n\r\n<p>Kegiatan literasi Cerdas Bermedia Sosial ini dilakukan untuk mensosialisasikan bagaimana masyarakat dapat menggunakan internet secara sehat dan aman. Kegiatan ini menghadirkan narasumber yang memiliki pengetahuan dan kemampuan dalam hal literasi digital agar peserta dapat menangkap pesannya dengan tepat dan terdiseminasikan secara masif kepada masyarakat.</p>\r\n\r\n<p>Kegiatan Literasi Cerdas Bermedia Sosial dilaksanakan mingguan di 8 (delapan) kota dengan jumlah peserta 100 (seratus) orang per lokasi kegiatan dengan karakteristik usia sesuai dengan UU Nomor 40 tentang Kepemudaan yaitu16 &ndash; 30 tahun, serta pengguna internet aktif dan memiliki akun media sosial.</p>\r\n\r\n<p>Forum diskusi akan dilakukan di berbagai kota dengan justifikasi atas pemilihan lokasi adalah daerah yang memiliki tingkat penetrasi pengguna Internetnya minimal 35% yang berdasarkan data dari Asosiasi Penyelenggara Jasa Internet Indonesia (APJII) pada tahun 2014.</p>\r\n\r\n<p>Penentuan 35% tersebut diambil dari rata-rata penetrasi Internet Indonesia per 2014 yaitu 34,9%. Selain itu, data disilangkan dengan catatan kegiatan (<em>track record</em>) terkait keaktifan dari target sasaran dan penerima manfaat dalam melakukan kegiatan-kegiatan berbasiskan masyarakat ataupun komunitas. (Catatan: Data APJII terbaru adalah tahun 2016, namun data yang dapat diunduh untuk publik tidak memiliki angka penetrasi per propinsi).</p>\r\n\r\n<p><strong>Solusi</strong></p>\r\n\r\n<p>Sesuai Kerangka Acuan Kerja (KAK) yang dibuat Kementerian Komunikasi dan Informatika tersebut, DNA menggelar&nbsp;kegiatan Literasi Cerdas Bermedia Sosial sepanjang bulan September-November 2017 di 8 kota, yakni Bandung, Lombok, Banda Aceh, Makassar, Yogyakarta, Banjarmasin, Lampung dan Jakarta. Pada saat bersamaan, DNA juga melaksanakan kampanye secara massif di media elektronik, media online, dan media sosial dengan melibatkan <em>Key Opinion Leader </em>dari generasi millenial. Kami juga mengelola <em>microsite </em>mudamudigital untuk menyampaikan pesan mengenai literasi digital kepada anak-anak muda.</p>\r\n\r\n<p><strong>Kesimpulan</strong></p>\r\n\r\n<p>Edukasi bertema literasi digital ini berlangsung sukses berdasarkan KPI yang sudah ditetapkan Kemenkominfo. DNA berhasil menyampaikan pesan-pesan penting agar generasi muda lebih bijak dalam menggunakan media sosial.</p>\r\n', '<p><strong>Background</strong></p>\r\n\r\n<p><br />\r\nAPJII data of 2016 also mentions that 84.2 million people make online transactions. But at the same time this massive growth of users is opening up a wider space for the rise of digital radicalism, online terrorist networks, fake news, hate speech and cyberbullying.</p>\r\n\r\n<p>The rapid growth of information and communication technology users such as smartphones and social media is not balanced with the level of user literacy, this is seen with so much hoax information. Misleading hoax stories circulate through various digital channels, including online media sites, blogs, websites, social media, email, and instant messaging applications.</p>\r\n\r\n<p>Since 2008, there have been 144 people who have been prosecuted for violating the Information and Electronic Transactions Act (ITE), mainly related to false news and hate speech in social media (The Jakarta Post, 2017). Furthermore, until 2016 there are approximately 773,000 sites blocked by the Ministry of Communications and Informatics and the majority of these sites are pornographic sites (Kominfo, 2017).</p>\r\n\r\n<p>This blocking action shows that there is still negative content on the internet. The digital world represented by the presence of the internet and digital media now shows an increasingly alarming condition.</p>\r\n\r\n<p>The reason, the digital world today has been overgrown with many negative viruses such as hoax content, hate speech or hate speech, bullying, radicalism, to a variety of fraudulent practices. One effort to anticipate the negative content is to build a culture of media literacy in the community. Through this step, the digital world can be something of value and a positive impact for society.</p>\r\n\r\n<p>Ministry of Communications and Informatics will conduct activities to improve media literacy by organizing Social Smart literacy Literacy for youth in Indonesia. Based on the Law of the Republic of Indonesia Number 40 Year 2009 on Youth in Article 1 point 1, it is meant that youth are Indonesian citizens entering an important period of growth and development aged 16 (sixteen) to 30 (thirty) years.</p>\r\n\r\n<p>Technology makes youth rely on social media as a source of information. Today, social media has become the main reporting platform and news source for them. Throughout several important events, such as the terror bombing. Youth rely on social media to get up-to-date information.</p>\r\n\r\n<p>The Nielsen Global Survey of Ecommerce is also conducting research on the shift in spending behavior of the internet generation. The study was conducted based on internet penetration in several countries. Nielsen conducted research on 30 thousand respondents who have adequate internet access.</p>\r\n\r\n<p>Respondents are from 60 countries in Asia Pacific, Europe, Latin America and North, and the Middle East. The study describes the behavior of this internet-friendly generation of selecting online channels to research and purchase a variety of products or services to meet daily needs. Nielsen noted, the growth of mobile device penetration in major cities of Indonesia reached 88%.</p>\r\n\r\n<p>Ownership of mobile devices is one of the most significant factors for online shopping behavior. Based on Nielsen&#39;s research, Indonesia has the top global ranking in terms of using smart phones for online shopping. As many as 61% of consumers choose to shop using smart phones, and 38% others choose a tablet or other mobile device. Meanwhile, 58% of consumers prefer to use computers.&nbsp;</p>\r\n\r\n<p>Closely to cyberspace, highly knowledgeable about using mobile platforms and devices, the generation of the internet still has its weaknesses. The weak point is very bad impact on the safety of millennial generation in cyberspace, one of them the threat of cyber theft of personal data.</p>\r\n\r\n<p>Norton Cyber ​​Security issues Insight Report November 2016. The online study involved 20,907 respondents from 21 countries worldwide. Three Southeast Asian countries, including Malaysia, Singapore, and Indonesia.</p>\r\n\r\n<p>The study took place from 14 September to 6 October 2016. Samples in Indonesia involved more than a thousand users aged 18 and older who were selected at random. The internet generation surprisingly shows a loosening of online security habits.</p>\r\n\r\n<p>The data says, 20% of the internet generation are happy to share passwords that potentially sacrifice their online security. Then most Indonesian consumers or about 90% use public Wi-Fi connection.</p>\r\n\r\n<p>However, only 51% of those who know how to secure the network. Only 36% of respondents who connect mobile devices with Wi-Fi networks using VPN on a regular basis.</p>\r\n\r\n<p>Meanwhile, 28% of users are not able to recognize the type of malware infected email. The study did not focus on the type of cyber attack.</p>\r\n\r\n<p>Norton&#39;s research further explains the behavior of Internet generation in securing his personal mobile device. In fact, the study says, users are increasingly aware of the needs of device protection, especially in protecting personal information. However, unmotivated users take precautions. As many as 76% of mobile device owners know the importance of protecting their personal online information. Only 22% protect their devices. It causes 39% of users to experience password hacking, 28% piercing email accounts, and 26% of data hacking, and social media accounts.</p>\r\n\r\n<p>With social literacy intelligent activities is expected to encourage the potential benefits and positive impact of the Internet for the people of Indonesia, as well as minimize the potential losses and negative impacts. Media literacy will be conducted by holding a discussion forum that presents resource persons with knowledge and skills, consisting of:</p>\r\n\r\n<p>The Director General of Applications and Informatics and / or officials at the Directorate General of Aptika<br />\r\nIT Specialist<br />\r\nSocial Media Activists (vlogger, blogger, influencer, buzzer, selebgram)<br />\r\nIn addition, media literacy activities will also be conducted with campaigns through media channels such as radio, television, and social media. This is done because based on the results of APJII survey of 2016 types of frequently accessed internet content is social media of 97.4% (129.2 million), entertainment content of 96.8% (128.4 million), and news content of 96 , 4% (127.9 million).</p>\r\n\r\n<p>Furthermore, social media content frequented by internet users in Indonesia is facebook by 54%, instagram by 15%, youtube by 11%, google plus by 6%, twitter by 5.5%, and linkedin by 0.6% from of total internet users in Indonesia.</p>\r\n\r\n<p><strong>Scope of Activities</strong></p>\r\n\r\n<p>Social Literacy Literacy Activities as follows:</p>\r\n\r\n<p>1. Media Delivery Patterns</p>\r\n\r\n<ul>\r\n	<li>Conducting social literacy social media.</li>\r\n	<li>Conduct local coverage of discussion forum / socialization activities of Social Bread Smart.</li>\r\n	<li>Create vlogs (blog videos) with social media-savvy literacy themes.</li>\r\n	<li>Producing text, infographic, cinematographic, photo and video content.</li>\r\n	<li>Disseminate content through private radio media, national private TV in video form, and through social media.</li>\r\n	<li>Conduct a digital campaign and coordinate with Kominfo to manage content on Landing Pages on the website of the Ministry of Communications and Informatics.</li>\r\n	<li>Create a Microsite with domain (.id), while for social media created with the name of the activity (example: literasimedia.kominfo.id/@literasimedia).</li>\r\n</ul>\r\n\r\n<p>2. Content Elements (Native Advertisement)</p>\r\n\r\n<ul>\r\n	<li>Use content that inspires readers, viewers, content lovers.</li>\r\n	<li>Use content that contains entertainment elements.</li>\r\n	<li>Use content that can inspire / educate.</li>\r\n	<li>Use motivational content.</li>\r\n	<li>Using content with scientific elements (based on research</li>\r\n</ul>\r\n\r\n<p><strong>Activity Objectives</strong></p>\r\n\r\n<ul>\r\n	<li>The publication of Social Literacy Literacy activities through print media and electronic media</li>\r\n	<li>Socializing Social Social Smart literacy Literacy to the millineal generation includes an increased understanding of the regulation of social media.</li>\r\n	<li>The realization of content dissemination that is safe, intelligent, creative, productive and innovative.</li>\r\n	<li>The realization of millenial sociable Smart Social Community.</li>\r\n</ul>\r\n\r\n<p><strong>Target Participants and Activity Matrices</strong></p>\r\n\r\n<p>Social literacy social intelligent activity is conducted to socialize how people can use the internet in a healthy and safe. This activity presents speakers who have the knowledge and skills in digital literacy so that participants can capture the message properly and massively disseminated to the community.</p>\r\n\r\n<p>Social Literacy Literacy Activities held weekly in 8 (eight) cities with the number of participants 100 (one hundred) people per location activities with age characteristics in accordance with Law No. 40 on Youth which is 16 - 30 years, as well as active internet users and have social media accounts.</p>\r\n\r\n<p>Discussion forums will be conducted in various cities with justification for site selection is an area that has a minimum penetration rate of 35% Internet users based on data from the Association of Internet Service Providers Indonesia (APJII) in 2014.</p>\r\n\r\n<p>Determination of 35% is taken from the average penetration of Internet Indonesia per 2014 is 34.9%. In addition, the data is crossed with records of activities (track records) related to the activeness of target targets and beneficiaries in performing activities based on community or community. (Note: The latest APJII data is 2016, but publicly downloadable data do not have penetration rates per province).</p>\r\n\r\n<p>Solution</p>\r\n\r\n<p>Based on the Terms of Reference (KAK) made by the Ministry of Communications and Information Technology, DNA held a Social Smart Literacy Literacy event throughout September-November 2017 in 8 cities, namely Bandung, Lombok, Banda Aceh, Makassar, Yogyakarta, Banjarmasin, Lampung and Jakarta. At the same time, DNA also conducts massive campaigns in electronic media, online media, and social media involving Millenial Key Opinion Leaders. We also manage mudamudigital microsite to deliver messages on digital literacy to young people.</p>\r\n\r\n<p><strong>Conclusion</strong></p>\r\n\r\n<p>This digital literacy themed education is a success based on KPI which has been established by Kemenkominfo. DNA managed to convey important messages for the younger generation to be more wise in using social media.</p>\r\n', '3455kominfo.png', '7984logo.png', '2018-01-11 18:23:36', '2018-03-26 01:56:34', 1, 1),
(2, 2, '1,2,3,4,5', 'Netller Shop', 'Netller Shop', 'Netller Shop', 'Netller Shop', '<p>Going to the movies is a date night staple, but leave it to Beyonc&eacute; and Jay-Z to make the ordinary feel eventful. Stepping out last night for a screening of Wonder Wheel at the Angelika Film Center, the duo arrived dressed to the nines. With Jay-Z looking dapper in a plum-colored Gucci suit worn with Nikes and accessorized with layers of gold chains, the fashion bar was set high. But Beyonc&eacute; always rises to the occasion. Her check-patterned neon Versace dress would have been arresting on its own but by layering on a bright blue fur she made the look feel diva-worthy.</p>\r\n\r\n<p>Of course, it wouldn&rsquo;t be a Beyonc&eacute; fashion moment without a few unique details. With the evening doubling as a celebration of Jay-Z&rsquo;s 48th birthday, Beyonc&eacute; used her outfit to send a message about the couple&rsquo;s relationship status. After a news cycle that focused on issues of infidelity, the star may have sent a not-so-subliminal message to the media with the word &ldquo;unity&rdquo; stitched into the sleeves of the dress as well as etched onto her black pumps. Still going strong in spite of the drama, it&#39;s clear that The Carters will be enjoying many date nights to come.</p>\r\n\r\n<p>Going to the movies is a date night staple, but leave it to Beyonc&eacute; and Jay-Z to make the ordinary feel eventful. Stepping out last night for a screening of Wonder Wheel at the Angelika Film Center, the duo arrived dressed to the nines. With Jay-Z looking dapper in a plum-colored Gucci suit worn with Nikes and accessorized with layers of gold chains, the fashion bar was set high. But Beyonc&eacute; always rises to the occasion. Her check-patterned neon Versace dress would have been arresting on its own but by layering on a bright blue fur she made the look feel diva-worthy.</p>\r\n', '<p>Going to the movies is a date night staple, but leave it to Beyonc&eacute; and Jay-Z to make the ordinary feel eventful. Stepping out last night for a screening of Wonder Wheel at the Angelika Film Center, the duo arrived dressed to the nines. With Jay-Z looking dapper in a plum-colored Gucci suit worn with Nikes and accessorized with layers of gold chains, the fashion bar was set high. But Beyonc&eacute; always rises to the occasion. Her check-patterned neon Versace dress would have been arresting on its own but by layering on a bright blue fur she made the look feel diva-worthy.</p>\r\n\r\n<p>Of course, it wouldn&rsquo;t be a Beyonc&eacute; fashion moment without a few unique details. With the evening doubling as a celebration of Jay-Z&rsquo;s 48th birthday, Beyonc&eacute; used her outfit to send a message about the couple&rsquo;s relationship status. After a news cycle that focused on issues of infidelity, the star may have sent a not-so-subliminal message to the media with the word &ldquo;unity&rdquo; stitched into the sleeves of the dress as well as etched onto her black pumps. Still going strong in spite of the drama, it&#39;s clear that The Carters will be enjoying many date nights to come.</p>\r\n\r\n<p>Going to the movies is a date night staple, but leave it to Beyonc&eacute; and Jay-Z to make the ordinary feel eventful. Stepping out last night for a screening of Wonder Wheel at the Angelika Film Center, the duo arrived dressed to the nines. With Jay-Z looking dapper in a plum-colored Gucci suit worn with Nikes and accessorized with layers of gold chains, the fashion bar was set high. But Beyonc&eacute; always rises to the occasion. Her check-patterned neon Versace dress would have been arresting on its own but by layering on a bright blue fur she made the look feel diva-worthy.</p>\r\n', '8236logo-neteller-color.png', '1860img1.jpg', '2018-01-11 18:26:20', '2018-01-29 09:19:31', 1, 1),
(3, 3, '2,3,4', 'Western Estern', 'Western Estern', 'Western Estern', 'Western Estern', '<p>Going to the movies is a date night staple, but leave it to Beyonc&eacute; and Jay-Z to make the ordinary feel eventful. Stepping out last night for a screening of Wonder Wheel at the Angelika Film Center, the duo arrived dressed to the nines. With Jay-Z looking dapper in a plum-colored Gucci suit worn with Nikes and accessorized with layers of gold chains, the fashion bar was set high. But Beyonc&eacute; always rises to the occasion. Her check-patterned neon Versace dress would have been arresting on its own but by layering on a bright blue fur she made the look feel diva-worthy.</p>\r\n\r\n<p>Of course, it wouldn&rsquo;t be a Beyonc&eacute; fashion moment without a few unique details. With the evening doubling as a celebration of Jay-Z&rsquo;s 48th birthday, Beyonc&eacute; used her outfit to send a message about the couple&rsquo;s relationship status. After a news cycle that focused on issues of infidelity, the star may have sent a not-so-subliminal message to the media with the word &ldquo;unity&rdquo; stitched into the sleeves of the dress as well as etched onto her black pumps. Still going strong in spite of the drama, it&#39;s clear that The Carters will be enjoying many date nights to come.</p>\r\n\r\n<p>Going to the movies is a date night staple, but leave it to Beyonc&eacute; and Jay-Z to make the ordinary feel eventful. Stepping out last night for a screening of Wonder Wheel at the Angelika Film Center, the duo arrived dressed to the nines. With Jay-Z looking dapper in a plum-colored Gucci suit worn with Nikes and accessorized with layers of gold chains, the fashion bar was set high. But Beyonc&eacute; always rises to the occasion. Her check-patterned neon Versace dress would have been arresting on its own but by layering on a bright blue fur she made the look feel diva-worthy.</p>\r\n', '<p>Going to the movies is a date night staple, but leave it to Beyonc&eacute; and Jay-Z to make the ordinary feel eventful. Stepping out last night for a screening of Wonder Wheel at the Angelika Film Center, the duo arrived dressed to the nines. With Jay-Z looking dapper in a plum-colored Gucci suit worn with Nikes and accessorized with layers of gold chains, the fashion bar was set high. But Beyonc&eacute; always rises to the occasion. Her check-patterned neon Versace dress would have been arresting on its own but by layering on a bright blue fur she made the look feel diva-worthy.</p>\r\n\r\n<p>Of course, it wouldn&rsquo;t be a Beyonc&eacute; fashion moment without a few unique details. With the evening doubling as a celebration of Jay-Z&rsquo;s 48th birthday, Beyonc&eacute; used her outfit to send a message about the couple&rsquo;s relationship status. After a news cycle that focused on issues of infidelity, the star may have sent a not-so-subliminal message to the media with the word &ldquo;unity&rdquo; stitched into the sleeves of the dress as well as etched onto her black pumps. Still going strong in spite of the drama, it&#39;s clear that The Carters will be enjoying many date nights to come.</p>\r\n\r\n<p>Going to the movies is a date night staple, but leave it to Beyonc&eacute; and Jay-Z to make the ordinary feel eventful. Stepping out last night for a screening of Wonder Wheel at the Angelika Film Center, the duo arrived dressed to the nines. With Jay-Z looking dapper in a plum-colored Gucci suit worn with Nikes and accessorized with layers of gold chains, the fashion bar was set high. But Beyonc&eacute; always rises to the occasion. Her check-patterned neon Versace dress would have been arresting on its own but by layering on a bright blue fur she made the look feel diva-worthy.</p>\r\n', '6358logo-wu-color.png', '216img1.jpg', '2018-01-11 18:27:06', '2018-01-23 13:20:45', 1, 1),
(4, 4, '1,2,3', 'Mandi Sendiri', 'Mandi Sendiri', 'Mandi Sendiri', 'Mandi Sendiri', '<p>Mandi Sendiri</p>\r\n', '<p>Mandi Sendiri</p>\r\n', '1074logo.png', '3057img1.jpg', '2018-01-11 18:29:17', '2018-01-11 20:23:13', 0, 1);

-- --------------------------------------------------------

--
-- Table structure for table `tb_career`
--

CREATE TABLE `tb_career` (
  `career_id` int(11) NOT NULL,
  `name` varchar(255) NOT NULL,
  `name_en` varchar(255) NOT NULL,
  `description` text NOT NULL,
  `description_en` text NOT NULL,
  `image` varchar(255) NOT NULL,
  `date_create` datetime NOT NULL,
  `date_update` datetime NOT NULL,
  `top` int(11) NOT NULL DEFAULT '0',
  `status` int(11) NOT NULL DEFAULT '0' COMMENT '0=not active, 1=active, 2=delete'
) ENGINE=InnoDB DEFAULT CHARSET=utf8;

--
-- Dumping data for table `tb_career`
--

INSERT INTO `tb_career` (`career_id`, `name`, `name_en`, `description`, `description_en`, `image`, `date_create`, `date_update`, `top`, `status`) VALUES
(2, 'Kreatif Desain', 'Design Creative', '<p><strong>Uraian Tugas</strong></p>\r\n\r\n<ul>\r\n	<li>Buat, rancang ulang &amp; perbarui Microsite.</li>\r\n	<li>Kelola pembuatan video, seperti meninjau proyek video, mendokumentasikan acara ke dalam video atau foto, membuat proyek video progres.</li>\r\n	<li>Kelola setiap desain yang dibutuhkan oleh perusahaan.</li>\r\n</ul>\r\n\r\n<p><br />\r\n<strong>Persyaratan</strong></p>\r\n\r\n<ul>\r\n	<li>Gelar Sarjana dalam Desain Grafis.</li>\r\n	<li>1 tahun atau lebih pengalaman dalam iklan properti atau terkait.</li>\r\n	<li>Mahir dalam program desain (Adobe Creative Suite, termasuk InDesign, Illustrator, dan Photoshop; pengalaman dengan After Effects plus).</li>\r\n	<li>Pengetahuan dan pengalaman dalam mengembangkan komunikasi video yang efektif.</li>\r\n	<li>Sangat mahir dalam Adobe Suite, Final Cut, Adobe Photoshop, aplikasi Office, Word, PowerPoint, Excel, dll.</li>\r\n	<li>Terampil dalam alat komunikasi baru, termasuk media sosial, microsite, olahpesan seluler, dan keterampilan jaringan.</li>\r\n	<li>Kreatif dan inovatif dalam mengembangkan materi pemasaran di lingkungan multi-media dan multi-channel (termasuk video, microsite, media sosial).</li>\r\n	<li>Fleksibilitas untuk beradaptasi dengan peran yang berbeda dan berkembang dalam lingkungan yang hiper-pertumbuhan dan dinamis.</li>\r\n	<li>Mahir berbahasa Inggris</li>\r\n</ul>', '<div><strong>Job Description</strong></div>\r\n\r\n<ul>\r\n	<li>Create, redesign, update Microsite, Infographics.</li>\r\n	<li>Manage video creation, such as video project review, documenting an event into video or photograph, create progress video project.</li>\r\n	<li>Manage every design required by the company. &nbsp;&nbsp;</li>\r\n	<li>Manage Team</li>\r\n</ul>\r\n\r\n<p>&nbsp;</p>\r\n\r\n<div><strong>Requirements</strong></div>\r\n\r\n<ul>\r\n	<li>Bachelor degree in Graphic Design.</li>\r\n	<li>2 year or more experience in property digital agency or related.</li>\r\n	<li>Proficient in design programs (Adobe Creative Suite, including InDesign, Illustrator, and Photoshop; experience with After Effects a plus).</li>\r\n	<li>Knowledge and experience in developing effective video communications.</li>\r\n	<li>Highly-proficient in Adobe Suite, Final Cut, Adobe Photoshop, Office applications, Word, PowerPoint, Excel, etc.</li>\r\n	<li>Skilled in the new communications tools, including social media, microsite, mobile messaging and networking skills.</li>\r\n	<li>Creative and innovative in developing marketing materials in multi-media and multi-channel environment (including videos, microsite, social media).</li>\r\n	<li>Flexibility to adapt to different roles and thrive in a hyper-growth, dynamic environment.</li>\r\n	<li>Proficient in English&nbsp; &nbsp;</li>\r\n</ul>', '991creative-design.jpg', '2018-01-11 17:37:33', '2019-02-06 11:13:46', 1, 1),
(3, 'Web Developer', 'Web Developer', '<p><strong>Job Description:</strong></p>\r\n\r\n<ul>\r\n	<li>Building and maintain Our and Client Website application according to requirement.</li>\r\n	<li>Monitor bug report and conduct bug fixing</li>\r\n	<li>Collaborate with other team member</li>\r\n	<li>Produce good quality product by implementing best practice</li>\r\n</ul>\r\n\r\n<p>&nbsp;</p>\r\n\r\n<p><strong>Requirements:</strong></p>\r\n\r\n<ul>\r\n	<li>Min. 1 year experience in Web Developer.</li>\r\n	<li>Proficient in (web) programming, PHP, NodeJS, HTML, CSS, etc.</li>\r\n	<li>Understand application framework CodeIgniter, Express.</li>\r\n	<li>Understand Database MySQL, MongoDB, Redis.</li>\r\n	<li>Familiar create, parse&nbsp;jSon and&nbsp;XML</li>\r\n	<li>Experience in relation database, knowledge in non relational is a plus.</li>\r\n	<li>Have passion to build product with high traffic.</li>\r\n</ul>', '<p><strong>Job Description:</strong></p>\r\n\r\n<ul>\r\n	<li>Building and maintain Our and Client Website application according to requirement.</li>\r\n	<li>Monitor bug report and conduct bug fixing</li>\r\n	<li>Collaborate with other team member</li>\r\n	<li>Produce good quality product by implementing best practice</li>\r\n</ul>\r\n\r\n<p>&nbsp;</p>\r\n\r\n<p><strong>Requirements:</strong></p>\r\n\r\n<ul>\r\n	<li>Min. 1 year experience in Web Developer.</li>\r\n	<li>Proficient in (web) programming, PHP, NodeJS, HTML, CSS, etc.</li>\r\n	<li>Understand application framework CodeIgniter, Express.</li>\r\n	<li>Understand Database MySQL, MongoDB, Redis.</li>\r\n	<li>Familiar create, parse&nbsp;jSon and&nbsp;XML</li>\r\n	<li>Experience in relation database, knowledge in non relational is a plus.</li>\r\n	<li>Have passion to build product with high traffic.</li>\r\n</ul>', '827web-developer.jpg', '2018-07-31 06:50:01', '2019-02-06 11:15:30', 1, 1),
(4, 'Digital Project Manager', 'Digital Project Manager', '<p><strong>Job Descriptions :</strong></p>\r\n\r\n<p style=\"font-size:15px\">Responsible for planning, developing and managing clients&#39; digital strategy. You also responsible for building and managing relationships with existing and potential clients.</p>\r\n\r\n<p><strong>Duties and responsibilities :</strong></p>\r\n\r\n<ul>\r\n	<li>Build long-term relationships with clients</li>\r\n	<li>Investigate and determine clients wants and needs</li>\r\n	<li>Plan and implement digital strategies for clients</li>\r\n	<li>Present and train on social media strategies to clients</li>\r\n	<li>Analyze effectiveness of digital campaigns</li>\r\n	<li>Recommend, design and implement digital projects to increase their ROI</li>\r\n	<li>Set up a list of KPIs to track for each client</li>\r\n	<li>Prepare and present reports on their progress</li>\r\n	<li>Keep abreast with new trends in digital technology</li>\r\n	<li>Collaborate with marketing and design teams to plan and develop site content, style and layout</li>\r\n	<li>Create and publish engaging content</li>\r\n	<li>Edit, proofread and improve writers&rsquo; posts</li>\r\n	<li>Liaise with content writers to ensure brand consistency</li>\r\n	<li>Optimize content according to SEO</li>\r\n	<li>Manage content distribution to online channels and social media platforms to increase web traffic</li>\r\n	<li>Develop an editorial calendar and ensure content team is on board</li>\r\n	<li>Ensure compliance with law (e.g. copyright and data protection)</li>\r\n	<li>&nbsp;</li>\r\n</ul>\r\n\r\n<p><strong>Requirements :</strong></p>\r\n\r\n<ul>\r\n	<li>3 years of relevant working experience</li>\r\n	<li>In-depth knowledge of social media</li>\r\n	<li>Excellent writing skills</li>\r\n	<li>BSc degree in Journalism, Marketing or relevant field</li>\r\n	<li>Proficient in English</li>\r\n</ul>\r\n\r\n<p>&nbsp;</p>', '<p><strong>Job Descriptions :</strong></p>\r\n\r\n<p style=\"font-size:15px\">Responsible for planning, developing and managing clients&#39; digital strategy. You also responsible for building and managing relationships with existing and potential clients.</p>\r\n\r\n<p>&nbsp;</p>\r\n\r\n<p><strong>Duties and responsibilities :</strong></p>\r\n\r\n<ul>\r\n	<li>Build long-term relationships with clients</li>\r\n	<li>Investigate and determine clients wants and needs</li>\r\n	<li>Plan and implement digital strategies for clients</li>\r\n	<li>Present and train on social media strategies to clients</li>\r\n	<li>Analyze effectiveness of digital campaigns</li>\r\n	<li>Recommend, design and implement digital projects to increase their ROI</li>\r\n	<li>Set up a list of KPIs to track for each client</li>\r\n	<li>Prepare and present reports on their progress</li>\r\n	<li>Keep abreast with new trends in digital technology</li>\r\n	<li>Collaborate with marketing and design teams to plan and develop site content, style and layout</li>\r\n	<li>Create and publish engaging content</li>\r\n	<li>Edit, proofread and improve writers&rsquo; posts</li>\r\n	<li>Liaise with content writers to ensure brand consistency</li>\r\n	<li>Optimize content according to SEO</li>\r\n	<li>Manage content distribution to online channels and social media platforms to increase web traffic</li>\r\n	<li>Develop an editorial calendar and ensure content team is on board</li>\r\n	<li>Ensure compliance with law (e.g. copyright and data protection)</li>\r\n	<li>&nbsp;</li>\r\n</ul>\r\n\r\n<p><strong>Requirements :</strong></p>\r\n\r\n<ul>\r\n	<li>3 years of relevant working experience</li>\r\n	<li>In-depth knowledge of social media</li>\r\n	<li>Excellent writing skills</li>\r\n	<li>BSc degree in Journalism, Marketing or relevant field</li>\r\n	<li>Proficient in English</li>\r\n</ul>\r\n\r\n<p>&nbsp;</p>', '8018office-2717006640.jpg', '2020-10-22 06:26:37', '2020-10-26 11:32:54', 1, 1);

-- --------------------------------------------------------

--
-- Table structure for table `tb_client`
--

CREATE TABLE `tb_client` (
  `client_id` int(11) NOT NULL,
  `service_id` varchar(100) NOT NULL,
  `name` varchar(255) NOT NULL,
  `name_en` varchar(255) NOT NULL,
  `description` text NOT NULL,
  `description_en` text NOT NULL,
  `image` varchar(255) NOT NULL,
  `date_create` datetime NOT NULL,
  `date_update` datetime NOT NULL,
  `top` int(11) NOT NULL DEFAULT '0',
  `status` int(11) NOT NULL DEFAULT '0' COMMENT '0=not active, 1=active, 2=delete',
  `short` int(11) DEFAULT NULL
) ENGINE=InnoDB DEFAULT CHARSET=utf8;

--
-- Dumping data for table `tb_client`
--

INSERT INTO `tb_client` (`client_id`, `service_id`, `name`, `name_en`, `description`, `description_en`, `image`, `date_create`, `date_update`, `top`, `status`, `short`) VALUES
(1, '1,3', 'Good Homes, Layanan Rumah dalam Genggaman Anda', 'Good Homes, Home Services at Your Finger Tips', '<p>Nama Klien: <strong>GoodHomes</strong><br />\r\nNama Project: <strong>Grand Launching Event</strong></p>\r\n\r\n<p><strong>Kabar Baik untuk Masyarakat Urban</strong></p>\r\n\r\n<p>Pada tahun 2017, Sparklin bekerja sama dengan Digital Nusantara Advertising untuk menumbuhkan brand awareness GoodHomes di masyarakat. GoodHomes adalah layanan digital atau aplikasi untuk housekeeping service.</p>\r\n\r\n<p>Sparklin merintis penyediaan jasa berbenah rumah oleh tenaga profesional sejak 2015. Pada Mei 2017, Sparklin meluncurkan aplikasi GoodHomes untuk layanan lebih baik dan menarik lebih banyak pelanggan.</p>\r\n\r\n<p>Ini menarik, karena selama ini mungkin waktu Anda banyak tersita urusan rumah tangga daripada bersama keluarga. Namun, kehadiran GoodHomes belum tentu diketahui masyarakat luas.</p>\r\n\r\n<p>Sparklin bekerja sama dengan Digital Nusantara Advertising untuk menyebarkan kabar baik tersebut melalui media nasional. Saat grand launching GoodHomes, Digital Nusantara Advertising mengadakan seminar untuk membahas lebih dalam tentang perkembangan dunia digital dan kaitannya dengan kehidupan masyarakat urban, termasuk urusan rumah tangga.</p>\r\n\r\n<p>Digital Nusantara Advertising juga membuat native advertising untuk memberikan pemahaman bahwa di era digital masyarakat tidak perlu pusing memikirkan urusan rumah, karena ada GoodHomes. Cukup pesan melalui telepon genggam Anda, tenaga profesional datang ke rumah.</p>\r\n\r\n<p>Informasi mengenai GoodHomes menyebar melalui majalah, radio, media online. Respons masyarakat cukup baik, itu terlihat dari meningkatnya permintaan jasa melalui GoodHomes.</p>', '<p>Nama Klien: <strong>GoodHomes</strong><br />\r\nNama Project: <strong>Grand Launching Event</strong></p>\r\n\r\n<p><strong>Kabar Baik untuk Masyarakat Urban</strong></p>\r\n\r\n<p>Pada tahun 2017, Sparklin bekerja sama dengan Digital Nusantara Advertising untuk menumbuhkan brand awareness GoodHomes di masyarakat. GoodHomes adalah layanan digital atau aplikasi untuk housekeeping service.</p>\r\n\r\n<p>Sparklin merintis penyediaan jasa berbenah rumah oleh tenaga profesional sejak 2015. Pada Mei 2017, Sparklin meluncurkan aplikasi GoodHomes untuk layanan lebih baik dan menarik lebih banyak pelanggan.</p>\r\n\r\n<p>Ini menarik, karena selama ini mungkin waktu Anda banyak tersita urusan rumah tangga daripada bersama keluarga. Namun, kehadiran GoodHomes belum tentu diketahui masyarakat luas.</p>\r\n\r\n<p>Sparklin bekerja sama dengan Digital Nusantara Advertising untuk menyebarkan kabar baik tersebut melalui media nasional. Saat grand launching GoodHomes, Digital Nusantara Advertising mengadakan seminar untuk membahas lebih dalam tentang perkembangan dunia digital dan kaitannya dengan kehidupan masyarakat urban, termasuk urusan rumah tangga.</p>\r\n\r\n<p>Digital Nusantara Advertising juga membuat native advertising untuk memberikan pemahaman bahwa di era digital masyarakat tidak perlu pusing memikirkan urusan rumah, karena ada GoodHomes. Cukup pesan melalui telepon genggam Anda, tenaga profesional datang ke rumah.</p>\r\n\r\n<p>Informasi mengenai GoodHomes menyebar melalui majalah, radio, media online. Respons masyarakat cukup baik, itu terlihat dari meningkatnya permintaan jasa melalui GoodHomes.</p>', '1468goodhomes-logo.png', '2018-01-11 17:37:33', '2020-01-07 07:53:13', 0, 1, 11),
(2, '1,2,3', 'Antam', 'Antam', '<p>Nama Klien: <strong>ANTAM</strong><br />\r\nNama Project: <strong>ANTAM #GENERASIEMAS</strong></p>\r\n\r\n<p>Era digital memudahkan siapa saja mengakses informasi secara mudah, kapan pun dan di mana pun. Hal ini berlaku bagi siapa pun, termasuk anak-anak.</p>\r\n\r\n<p>Generasi milenial sangat cepat beradaptasi terhadap perkembangan teknologi informasi. Orangtua menghadapi banyak tantangan dalam membesarkan dan mengasuh anak di era seperti sekarang.</p>\r\n\r\n<p>Digital Nusantara Advertising bekerja sama dengan Antam membuat gerakan masyarakat #generasiemas untuk memberikan edukasi terhadap generasi muda agar lebih bijak mengunakan media digital dan memberikan empowerment kepada usaha kecil dan menengah yang bergerak di bidang investasi emas untuk meningkatkan kesadaran akan pentingnya perkembangan digital bagi kesuksesan usaha mereka.</p>\r\n\r\n<p>Melalui kegiatan tersebut, Antam ingin membangun brand image positif dan terasosiasi dengan gerakan Literasi Digital yang digagas Kementerian Komunikasi dan Informatika.</p>\r\n\r\n<p>Digital Nusantara Advertising membantu sosialisasi program #generasiemas dalam bentuk native advertising, menyelenggarakan acara di hari bebas kendaraan, workshop, mengolah sosial media, mengurus acara Siberkreasi, dan bekerja sama dengan media massa.</p>', '<p>Nama Klien: <strong>ANTAM</strong><br />\r\nNama Project: <strong>ANTAM #GENERASIEMAS</strong></p>\r\n\r\n<p>Era digital memudahkan siapa saja mengakses informasi secara mudah, kapan pun dan di mana pun. Hal ini berlaku bagi siapa pun, termasuk anak-anak.</p>\r\n\r\n<p>Generasi milenial sangat cepat beradaptasi terhadap perkembangan teknologi informasi. Orangtua menghadapi banyak tantangan dalam membesarkan dan mengasuh anak di era seperti sekarang.</p>\r\n\r\n<p>Digital Nusantara Advertising bekerja sama dengan Antam membuat gerakan masyarakat #generasiemas untuk memberikan edukasi terhadap generasi muda agar lebih bijak mengunakan media digital dan memberikan empowerment kepada usaha kecil dan menengah yang bergerak di bidang investasi emas untuk meningkatkan kesadaran akan pentingnya perkembangan digital bagi kesuksesan usaha mereka.</p>\r\n\r\n<p>Melalui kegiatan tersebut, Antam ingin membangun brand image positif dan terasosiasi dengan gerakan Literasi Digital yang digagas Kementerian Komunikasi dan Informatika.</p>\r\n\r\n<p>Digital Nusantara Advertising membantu sosialisasi program #generasiemas dalam bentuk native advertising, menyelenggarakan acara di hari bebas kendaraan, workshop, mengolah sosial media, mengurus acara Siberkreasi, dan bekerja sama dengan media massa.</p>', '5793antam.png', '2018-01-11 17:46:22', '2020-01-07 07:44:39', 1, 1, 2),
(3, '1,2,3,6', 'Kemkominfo', 'Kemkominfo', '<p>Nama Klien: <strong>Kementerian Komunikasi dan Informatika (KEMKOMINFO)&nbsp;</strong><br />\r\n&nbsp;</p>\r\n\r\n<p><strong>Melawan Hoax dengan Kreatifitas Digital</strong></p>\r\n\r\n<p>Kementerian Komunikasi dan Informatika menggagas program Mudamudidigital untuk meningkatkan kecerdasan generasi muda dalam bermedia sosial. Program ini diharapkan bisa mencegah generasi muda terjebak hoax.</p>\r\n\r\n<p>Hoax memang menjadi tantangan di era meningkatnya perkembangan teknologi. Hoax dengan mudah disebarkan melalui media sosial. Potensi hoax mempengaruhi generasi muda sangat besar, karena kehidupan mereka dekat dengan media sosial.</p>\r\n\r\n<p>Genderang perang melawan hoax sudah sering terdengar. Efektif atau tidak? Entahlah. Mudamudidigital tidak hanya campaign melawan hoax, tapi juga mengajak generasi muda menciptakan konten positif dan kreatif di dunia digital dan berdampak baik bagi kemajuan bangsa.</p>\r\n\r\n<p>Kementerian Komunikasi dan Informatika menggandeng Digital Nusantara Advertising mensosialisasikan program literasi cerdas bermedia sosial. Digital Nusantara Advertising membuat workshop. Kami mengikutsertakan para generasi muda dalam acara itu.</p>\r\n\r\n<p>Edukasi mengenai anti hoax juga disebarkan melalui media massa dan sosial media Mudamudidigital. Digital Nusantara Advertising menggandeng para tokoh untuk mengajak generasi muda agar tidak menyebarkan hoax.</p>', '<p>Nama Klien: <strong>Kementerian Komunikasi dan Informatika (KEMKOMINFO)&nbsp;</strong><br />\r\n&nbsp;</p>\r\n\r\n<p><strong>Melawan Hoax dengan Kreatifitas Digital</strong></p>\r\n\r\n<p>Kementerian Komunikasi dan Informatika menggagas program Mudamudidigital untuk meningkatkan kecerdasan generasi muda dalam bermedia sosial. Program ini diharapkan bisa mencegah generasi muda terjebak hoax.</p>\r\n\r\n<p>Hoax memang menjadi tantangan di era meningkatnya perkembangan teknologi. Hoax dengan mudah disebarkan melalui media sosial. Potensi hoax mempengaruhi generasi muda sangat besar, karena kehidupan mereka dekat dengan media sosial.</p>\r\n\r\n<p>Genderang perang melawan hoax sudah sering terdengar. Efektif atau tidak? Entahlah. Mudamudidigital tidak hanya campaign melawan hoax, tapi juga mengajak generasi muda menciptakan konten positif dan kreatif di dunia digital dan berdampak baik bagi kemajuan bangsa.</p>\r\n\r\n<p>Kementerian Komunikasi dan Informatika menggandeng Digital Nusantara Advertising mensosialisasikan program literasi cerdas bermedia sosial. Digital Nusantara Advertising membuat workshop. Kami mengikutsertakan para generasi muda dalam acara itu.</p>\r\n\r\n<p>Edukasi mengenai anti hoax juga disebarkan melalui media massa dan sosial media Mudamudidigital. Digital Nusantara Advertising menggandeng para tokoh untuk mengajak generasi muda agar tidak menyebarkan hoax.</p>', '1076logo-kemkominfo.png', '2018-01-11 17:51:03', '2020-01-07 07:45:17', 1, 1, 12),
(4, '2', 'BNN', 'BNN', '<p>Nama Klien: <strong>BNN</strong><br />\r\nNama Proyek: <strong>BNN Fun Run Mobile App&nbsp;</strong></p>\r\n\r\n<p><strong>Ide Baru dalam Memberantas Narkoba</strong></p>\r\n\r\n<p>Keterlibatan masyarakat sangat penting dalam upaya pemberantasan narkoba. Badan Narkotika Nasional (BNN) punya beragam program, tetapi keterlibatan masyarakat tentu akan semakin memudahkan lembaga ini dalam mencegah penyalahgunaan psikotropika, prekursor, dan bahan adiktif lainnya.</p>\r\n\r\n<p>Digital Nusantara Advertising sangat mendukung BNN memberantas narkoba. Kami bekerja sama dengan BNN membuat mobile game bergenre action platformer. Dalam game ini ada sisipan informasi mengenai bahaya mengonsumsi narkoba.</p>\r\n\r\n<p>Mobile game merupakan edukasi secara halus dan organik, sehingga bisa lebih mudah diterima, terutama oleh generasi milenial. Game ini bisa didapat melalui PlayStore dan AppStore.</p>\r\n\r\n<p>Kami berharap game ini bisa mewakili gerakan sosial di masyarakat dan membantu BNN dalam mencegah peredaran dan penyalahgunaan narkoba.</p>', '<p>Nama Klien: <strong>BNN</strong><br />\r\nNama Proyek: <strong>BNN Fun Run Mobile App&nbsp;</strong></p>\r\n\r\n<p><strong>Ide Baru dalam Memberantas Narkoba</strong></p>\r\n\r\n<p>Keterlibatan masyarakat sangat penting dalam upaya pemberantasan narkoba. Badan Narkotika Nasional (BNN) punya beragam program, tetapi keterlibatan masyarakat tentu akan semakin memudahkan lembaga ini dalam mencegah penyalahgunaan psikotropika, prekursor, dan bahan adiktif lainnya.</p>\r\n\r\n<p>Digital Nusantara Advertising sangat mendukung BNN memberantas narkoba. Kami bekerja sama dengan BNN membuat mobile game bergenre action platformer. Dalam game ini ada sisipan informasi mengenai bahaya mengonsumsi narkoba.</p>\r\n\r\n<p>Mobile game merupakan edukasi secara halus dan organik, sehingga bisa lebih mudah diterima, terutama oleh generasi milenial. Game ini bisa didapat melalui PlayStore dan AppStore.</p>\r\n\r\n<p>Kami berharap game ini bisa mewakili gerakan sosial di masyarakat dan membantu BNN dalam mencegah peredaran dan penyalahgunaan narkoba.</p>', '7724bnn-logo.png', '2018-01-11 17:52:48', '2020-01-07 07:45:48', 1, 1, 11),
(5, '3', 'Liga Santri Nasional (LSN)', 'Liga Santri Nasional (LSN)', '<p>Nama Klien: <strong>LSN &amp; RMI-NU</strong><br />\r\nNama Proyek: <strong>Liga Santri Nusantara 2017&nbsp;</strong></p>\r\n\r\n<p><strong>Dari Pesantren untuk NKRI</strong></p>\r\n\r\n<p>Santri tidak melulu harus jadi ustaz, guru, dai, atau kiai, karena partisipasi membangun bangsa bisa dari banyak jalan. Setidaknya itu cita-cita Rabithah Ma&#39;ahid Islamiyah Nahdlatul Ulama (RMI NU) menggelar Liga Santri Nusantara (LSN).</p>\r\n\r\n<p>LSN 2017 mengusung tagline Dari Pesantren untuk NKRI. Melalui kegiatan ini, santri diharapkan andil membangkitkan sepak bola nasional. Alumnus pesantren tidak selalu identik dengan pendidikan agama, tetapi mampu memberikan karya terbaik untuk bangsa melalui sepak bola.</p>\r\n\r\n<p>RMI menggandeng Digital Nusantara Advertising khusus mengurus partai final LSN 2017 di Stadion Gelora Bandung Lautan Api pada tanggal 29 Oktober 2017. Kami menyusun konsep acara penutupan dan membuat dokumentasi.</p>\r\n\r\n<p>LSN 2017 diikuti 1.024 tim dari berbagai pondok pesantren di Indonesia. Setiap tim mengikuti kualifikasi di tingkat region. Lalu, 32 tim terbaik mengikuti fase gugur yang dipertandingkan setiap hari.</p>', '<p>Nama Klien: <strong>LSN &amp; RMI-NU</strong><br />\r\nNama Proyek: <strong>Liga Santri Nusantara 2017&nbsp;</strong></p>\r\n\r\n<p><strong>Dari Pesantren untuk NKRI</strong></p>\r\n\r\n<p>Santri tidak melulu harus jadi ustaz, guru, dai, atau kiai, karena partisipasi membangun bangsa bisa dari banyak jalan. Setidaknya itu cita-cita Rabithah Ma&#39;ahid Islamiyah Nahdlatul Ulama (RMI NU) menggelar Liga Santri Nusantara (LSN).</p>\r\n\r\n<p>LSN 2017 mengusung tagline Dari Pesantren untuk NKRI. Melalui kegiatan ini, santri diharapkan andil membangkitkan sepak bola nasional. Alumnus pesantren tidak selalu identik dengan pendidikan agama, tetapi mampu memberikan karya terbaik untuk bangsa melalui sepak bola.</p>\r\n\r\n<p>RMI menggandeng Digital Nusantara Advertising khusus mengurus partai final LSN 2017 di Stadion Gelora Bandung Lautan Api pada tanggal 29 Oktober 2017. Kami menyusun konsep acara penutupan dan membuat dokumentasi.</p>\r\n\r\n<p>LSN 2017 diikuti 1.024 tim dari berbagai pondok pesantren di Indonesia. Setiap tim mengikuti kualifikasi di tingkat region. Lalu, 32 tim terbaik mengikuti fase gugur yang dipertandingkan setiap hari.</p>', '9489Logo-LSN-2017-resize-300x105.png', '2018-01-11 17:53:53', '2020-01-07 07:46:00', 1, 1, 18),
(6, '3', 'April Asia', 'April Asia', '<p>Nama Klien: <strong>April Asia</strong><br />\r\nNama Proyek: <strong>Grand Launching Media Sosial Restorasi Ekosistem Riau&nbsp;</strong></p>\r\n\r\n<p><strong>Peduli Lingkungan</strong></p>\r\n\r\n<p>Asia Pacific Resources International Holdings Ltd (APRIL) berkembang menjadi perusahaan kelas dunia yang mempekerjakan lebih dari 60 ribu orang, dengan aset lebih dari USD18 miliar dan penjualan hampir di seluruh dunia.</p>\r\n\r\n<p>APRIL beroperasi dengan tanggung jawab sosial yang besar, baik untuk komunitas, negara, iklim, dan pelanggan. Untuk memenuhi tanggung jawab sosial perusahaan, APRIL memajukan pengembangan lingkungan dan masyarakat.</p>\r\n\r\n<p>Restorasi Ekosistem Riau (RER) salah satu program pengembangan lingkungan dari APRIL. RER adalah proyek untuk memulihkan dan mengonservasi area hutan gambut yang memiliki nilai ekologi penting di Provinsi Riau.</p>\r\n\r\n<p>Proyek ini mencakup 130 ribu hektare kawasan hutan di Semenanjung Kampar dan 20 ribu hektare di Pulau Padang.</p>\r\n\r\n<p>Digital Nusantara Advertising dipercaya menangani grand launching social media RER dan mendokumentasikan. Kami mengundang banyak media massa untuk meliput acara ini.</p>', '<p>Nama Klien: <strong>April Asia</strong><br />\r\nNama Proyek: <strong>Grand Launching Media Sosial Restorasi Ekosistem Riau&nbsp;</strong></p>\r\n\r\n<p><strong>Peduli Lingkungan</strong></p>\r\n\r\n<p>Asia Pacific Resources International Holdings Ltd (APRIL) berkembang menjadi perusahaan kelas dunia yang mempekerjakan lebih dari 60 ribu orang, dengan aset lebih dari USD18 miliar dan penjualan hampir di seluruh dunia.</p>\r\n\r\n<p>APRIL beroperasi dengan tanggung jawab sosial yang besar, baik untuk komunitas, negara, iklim, dan pelanggan. Untuk memenuhi tanggung jawab sosial perusahaan, APRIL memajukan pengembangan lingkungan dan masyarakat.</p>\r\n\r\n<p>Restorasi Ekosistem Riau (RER) salah satu program pengembangan lingkungan dari APRIL. RER adalah proyek untuk memulihkan dan mengonservasi area hutan gambut yang memiliki nilai ekologi penting di Provinsi Riau.</p>\r\n\r\n<p>Proyek ini mencakup 130 ribu hektare kawasan hutan di Semenanjung Kampar dan 20 ribu hektare di Pulau Padang.</p>\r\n\r\n<p>Digital Nusantara Advertising dipercaya menangani grand launching social media RER dan mendokumentasikan. Kami mengundang banyak media massa untuk meliput acara ini.</p>', '3684april-logo.png', '2018-01-11 17:54:47', '2020-09-17 15:18:41', 1, 1, 19),
(7, '6', 'Her Blessings', 'Her Blessings', '<p>Nama Klien : <strong>Her Blessings (https://www.herblessings.com.au)</strong><br />\r\nNama Proyek : <strong>e-commerce dan website Her Blessings&nbsp;</strong></p>\r\n\r\n<p>HER Blessings adalah label fashion wanita yang didirikan pada Juni 2017 dengan basis produksi di Jakarta.</p>\r\n\r\n<p>HER Blessings memproduksi berbagai macam womenswear mulai dari blus, blazer, pakaian luar, mini dress, maxi dresses, dan kaftan, dengan sentuhan etnik -dengan kain tradisional otentik seperti anyaman bulu, Tenun Dobby, Jumputan Palembang, dan batik dari Jawa.</p>\r\n\r\n<p>Digital Nusantara Advertising dipercaya untuk membuat website e-commerce herblessing.com. Website ini menampilkan produk-produk HER Blessings, sehingga Anda bisa dengan mudah memilih produk mana yang cocok untuk menunjang setiap kegiatan.</p>\r\n\r\n<p><strong>Tampilan</strong> :</p>\r\n\r\n<p><img alt=\"herblessings-home\" src=\"https://img.diginusantara.com/images/_campaign-upload/herblessings-home.png\" style=\"width: 100%;\" /></p>', '<p>&nbsp;</p>\r\n\r\n<p>Nama Klien : <strong>Her Blessings (https://www.herblessings.com.au)</strong><br />\r\nNama Proyek : <strong>e-commerce dan website Her Blessings&nbsp;</strong></p>\r\n\r\n<p>HER Blessings adalah label fashion wanita yang didirikan pada Juni 2017 dengan basis produksi di Jakarta.</p>\r\n\r\n<p>HER Blessings memproduksi berbagai macam womenswear mulai dari blus, blazer, pakaian luar, mini dress, maxi dresses, dan kaftan, dengan sentuhan etnik -dengan kain tradisional otentik seperti anyaman bulu, Tenun Dobby, Jumputan Palembang, dan batik dari Jawa.</p>\r\n\r\n<p>Digital Nusantara Advertising dipercaya untuk membuat website e-commerce herblessing.com. Website ini menampilkan produk-produk HER Blessings, sehingga Anda bisa dengan mudah memilih produk mana yang cocok untuk menunjang setiap kegiatan.</p>\r\n\r\n<p><strong>Tampilan</strong> :</p>\r\n\r\n<p><img alt=\"herblessings-home\" src=\"https://img.diginusantara.com/images/_campaign-upload/herblessings-home.png\" style=\"width: 100%;\" /></p>', '8361hb-logo.png', '2018-01-11 18:40:17', '2019-12-27 07:22:18', 0, 1, 8),
(8, '1,2', 'Tiara Farm', 'Tiara Farm', '<p>Nama Klien:<strong> Tiara Farm&nbsp;</strong><br />\r\nNama Proyek: <strong>Digital Strategi &amp; Native Ads</strong></p>\r\n\r\n<p>Tiara Farm adalah salah satu perusahaan di Indonesia yang mengolah kopi dari biji kopi asli. Perusahaan ini mengolah kopi di Desa Umah Besi, Kecamatan Timang gajah, Kabupaten Bener Meriah, Gayo &ndash; Aceh. Tiara Farm menawarkan kopi Arabica Gayo dalam bentuk kopi hijau atau green coffee. Ada dua varian anyar yang diluncurkan oleh Tiara Farm dan disebut dengan GoGoMix Gold.&nbsp;</p>\r\n\r\n<p>Diginusantara membuat strategi komunikasi digital Tiara Farm dengan tujuan memperkenalkan dan membangun awareness bagi produk Kopi Arabika Gayo. Kami membuat media sosial untuk Tiara Farm, SEO, hingga publikasi di media online nasional</p>\r\n\r\n<p>Instagram:</p>\r\n\r\n<blockquote class=\"instagram-media\" data-instgrm-captioned=\"\" data-instgrm-permalink=\"https://www.instagram.com/p/BgkoAe1FNW_/?utm_source=ig_embed&amp;utm_campaign=loading\" data-instgrm-version=\"12\" style=\" background:#FFF; border:0; border-radius:3px; box-shadow:0 0 1px 0 rgba(0,0,0,0.5),0 1px 10px 0 rgba(0,0,0,0.15); margin: 1px; max-width:540px; min-width:326px; padding:0; width:99.375%; width:-webkit-calc(100% - 2px); width:calc(100% - 2px);\">\r\n<div style=\"padding:16px;\">\r\n<div style=\" display: flex; flex-direction: row; align-items: center;\">\r\n<div style=\"background-color: #F4F4F4; border-radius: 50%; flex-grow: 0; height: 40px; margin-right: 14px; width: 40px;\">&nbsp;</div>\r\n\r\n<div style=\"display: flex; flex-direction: column; flex-grow: 1; justify-content: center;\">\r\n<div style=\" background-color: #F4F4F4; border-radius: 4px; flex-grow: 0; height: 14px; margin-bottom: 6px; width: 100px;\">&nbsp;</div>\r\n\r\n<div style=\" background-color: #F4F4F4; border-radius: 4px; flex-grow: 0; height: 14px; width: 60px;\">&nbsp;</div>\r\n</div>\r\n</div>\r\n\r\n<div style=\"padding: 19% 0;\">&nbsp;</div>\r\n\r\n<div style=\"display:block; height:50px; margin:0 auto 12px; width:50px;\"><a href=\"https://www.instagram.com/p/BgkoAe1FNW_/?utm_source=ig_embed&amp;utm_campaign=loading\" style=\" background:#FFFFFF; line-height:0; padding:0 0; text-align:center; text-decoration:none; width:100%;\" target=\"_blank\"><svg height=\"50px\" version=\"1.1\" viewbox=\"0 0 60 60\" width=\"50px\" xmlns=\"https://www.w3.org/2000/svg\" xmlns:xlink=\"https://www.w3.org/1999/xlink\"><g fill=\"none\" fill-rule=\"evenodd\" stroke=\"none\" stroke-width=\"1\"><g fill=\"#000000\" transform=\"translate(-511.000000, -20.000000)\"><g><path d=\"M556.869,30.41 C554.814,30.41 553.148,32.076 553.148,34.131 C553.148,36.186 554.814,37.852 556.869,37.852 C558.924,37.852 560.59,36.186 560.59,34.131 C560.59,32.076 558.924,30.41 556.869,30.41 M541,60.657 C535.114,60.657 530.342,55.887 530.342,50 C530.342,44.114 535.114,39.342 541,39.342 C546.887,39.342 551.658,44.114 551.658,50 C551.658,55.887 546.887,60.657 541,60.657 M541,33.886 C532.1,33.886 524.886,41.1 524.886,50 C524.886,58.899 532.1,66.113 541,66.113 C549.9,66.113 557.115,58.899 557.115,50 C557.115,41.1 549.9,33.886 541,33.886 M565.378,62.101 C565.244,65.022 564.756,66.606 564.346,67.663 C563.803,69.06 563.154,70.057 562.106,71.106 C561.058,72.155 560.06,72.803 558.662,73.347 C557.607,73.757 556.021,74.244 553.102,74.378 C549.944,74.521 548.997,74.552 541,74.552 C533.003,74.552 532.056,74.521 528.898,74.378 C525.979,74.244 524.393,73.757 523.338,73.347 C521.94,72.803 520.942,72.155 519.894,71.106 C518.846,70.057 518.197,69.06 517.654,67.663 C517.244,66.606 516.755,65.022 516.623,62.101 C516.479,58.943 516.448,57.996 516.448,50 C516.448,42.003 516.479,41.056 516.623,37.899 C516.755,34.978 517.244,33.391 517.654,32.338 C518.197,30.938 518.846,29.942 519.894,28.894 C520.942,27.846 521.94,27.196 523.338,26.654 C524.393,26.244 525.979,25.756 528.898,25.623 C532.057,25.479 533.004,25.448 541,25.448 C548.997,25.448 549.943,25.479 553.102,25.623 C556.021,25.756 557.607,26.244 558.662,26.654 C560.06,27.196 561.058,27.846 562.106,28.894 C563.154,29.942 563.803,30.938 564.346,32.338 C564.756,33.391 565.244,34.978 565.378,37.899 C565.522,41.056 565.552,42.003 565.552,50 C565.552,57.996 565.522,58.943 565.378,62.101 M570.82,37.631 C570.674,34.438 570.167,32.258 569.425,30.349 C568.659,28.377 567.633,26.702 565.965,25.035 C564.297,23.368 562.623,22.342 560.652,21.575 C558.743,20.834 556.562,20.326 553.369,20.18 C550.169,20.033 549.148,20 541,20 C532.853,20 531.831,20.033 528.631,20.18 C525.438,20.326 523.257,20.834 521.349,21.575 C519.376,22.342 517.703,23.368 516.035,25.035 C514.368,26.702 513.342,28.377 512.574,30.349 C511.834,32.258 511.326,34.438 511.181,37.631 C511.035,40.831 511,41.851 511,50 C511,58.147 511.035,59.17 511.181,62.369 C511.326,65.562 511.834,67.743 512.574,69.651 C513.342,71.625 514.368,73.296 516.035,74.965 C517.703,76.634 519.376,77.658 521.349,78.425 C523.257,79.167 525.438,79.673 528.631,79.82 C531.831,79.965 532.853,80.001 541,80.001 C549.148,80.001 550.169,79.965 553.369,79.82 C556.562,79.673 558.743,79.167 560.652,78.425 C562.623,77.658 564.297,76.634 565.965,74.965 C567.633,73.296 568.659,71.625 569.425,69.651 C570.167,67.743 570.674,65.562 570.82,62.369 C570.966,59.17 571,58.147 571,50 C571,41.851 570.966,40.831 570.82,37.631\"></path></g></g></g></svg></a></div>\r\n\r\n<div style=\"padding-top: 8px;\">\r\n<div style=\" color:#3897f0; font-family:Arial,sans-serif; font-size:14px; font-style:normal; font-weight:550; line-height:18px;\"><a href=\"https://www.instagram.com/p/BgkoAe1FNW_/?utm_source=ig_embed&amp;utm_campaign=loading\" style=\" background:#FFFFFF; line-height:0; padding:0 0; text-align:center; text-decoration:none; width:100%;\" target=\"_blank\">View this post on Instagram</a></div>\r\n</div>\r\n\r\n<div style=\"padding: 12.5% 0;\">&nbsp;</div>\r\n\r\n<div style=\"display: flex; flex-direction: row; margin-bottom: 14px; align-items: center;\">\r\n<div>\r\n<div style=\"background-color: #F4F4F4; border-radius: 50%; height: 12.5px; width: 12.5px; transform: translateX(0px) translateY(7px);\">&nbsp;</div>\r\n\r\n<div style=\"background-color: #F4F4F4; height: 12.5px; transform: rotate(-45deg) translateX(3px) translateY(1px); width: 12.5px; flex-grow: 0; margin-right: 14px; margin-left: 2px;\">&nbsp;</div>\r\n\r\n<div style=\"background-color: #F4F4F4; border-radius: 50%; height: 12.5px; width: 12.5px; transform: translateX(9px) translateY(-18px);\">&nbsp;</div>\r\n</div>\r\n\r\n<div style=\"margin-left: 8px;\">\r\n<div style=\" background-color: #F4F4F4; border-radius: 50%; flex-grow: 0; height: 20px; width: 20px;\">&nbsp;</div>\r\n\r\n<div style=\" width: 0; height: 0; border-top: 2px solid transparent; border-left: 6px solid #f4f4f4; border-bottom: 2px solid transparent; transform: translateX(16px) translateY(-4px) rotate(30deg)\">&nbsp;</div>\r\n</div>\r\n\r\n<div style=\"margin-left: auto;\">\r\n<div style=\" width: 0px; border-top: 8px solid #F4F4F4; border-right: 8px solid transparent; transform: translateY(16px);\">&nbsp;</div>\r\n\r\n<div style=\" background-color: #F4F4F4; flex-grow: 0; height: 12px; width: 16px; transform: translateY(-4px);\">&nbsp;</div>\r\n\r\n<div style=\" width: 0; height: 0; border-top: 8px solid #F4F4F4; border-left: 8px solid transparent; transform: translateY(-4px) translateX(8px);\">&nbsp;</div>\r\n</div>\r\n</div>\r\n\r\n<p style=\" margin:8px 0 0 0; padding:0 4px;\"><a href=\"https://www.instagram.com/p/BgkoAe1FNW_/?utm_source=ig_embed&amp;utm_campaign=loading\" style=\" color:#000; font-family:Arial,sans-serif; font-size:14px; font-style:normal; font-weight:normal; line-height:17px; text-decoration:none; word-wrap:break-word;\" target=\"_blank\">Kamu pecinta kopi? Tahu 9 fakta unik tentang kopi? kalo belum tahu, yuk simak ulasan berikut ini! Jangan Ngaku Pecinta Kopi Kalau Belum Tahu 9 Fakta Unik Ini! . . #tiarafarmid #infounik #faktaunik #kopiaceh #gayoaceh #happyday #simakyuk #ulasan #instagood #instadaily #photooftheday #like4follow #likeforfollow #likeforlike #instapic #instagram #picoftheday</a></p>\r\n\r\n<p style=\" color:#c9c8cd; font-family:Arial,sans-serif; font-size:14px; line-height:17px; margin-bottom:0; margin-top:8px; overflow:hidden; padding:8px 0 7px; text-align:center; text-overflow:ellipsis; white-space:nowrap;\">A post shared by <a href=\"https://www.instagram.com/tiarafarmid/?utm_source=ig_embed&amp;utm_campaign=loading\" style=\" color:#c9c8cd; font-family:Arial,sans-serif; font-size:14px; font-style:normal; font-weight:normal; line-height:17px;\" target=\"_blank\"> tiarafarm</a> (@tiarafarmid) on <time datetime=\"2018-03-21T04:43:06+00:00\" style=\" font-family:Arial,sans-serif; font-size:14px; line-height:17px;\">Mar 20, 2018 at 9:43pm PDT</time></p>\r\n</div>\r\n</blockquote>\r\n<script async src=\"//www.instagram.com/embed.js\"></script>', '<p>Client Name:<strong> Tiara Farm&nbsp;</strong><br />\r\nProject Name: <strong>Digital Strategy&nbsp;&amp; Native Ads</strong></p>\r\n\r\n<p>Tiara Farm is one of the companies in Indonesia which processes coffee from real coffee beans. This company processes coffee in Umah Besi Village, Timang Gajah District, Bener Meriah Regency, Gayo - Aceh. Tiara Farm offers Arabica Gayo coffee in the form of green coffee. There are two new variants launched by Tiara Farm and called GoGoMix Gold.</p>\r\n\r\n<p>Diginusantara created a digital communication strategy for Tiara Farm with the aim of introducing and building awareness for Gayo Arabica Coffee products. We make social media for Tiara Farm, SEO, and publication on national online media</p>\r\n\r\n<p>Instagram:</p>\r\n\r\n<blockquote class=\"instagram-media\" data-instgrm-captioned=\"\" data-instgrm-permalink=\"https://www.instagram.com/p/BgkoAe1FNW_/?utm_source=ig_embed&amp;utm_campaign=loading\" data-instgrm-version=\"12\" style=\" background:#FFF; border:0; border-radius:3px; box-shadow:0 0 1px 0 rgba(0,0,0,0.5),0 1px 10px 0 rgba(0,0,0,0.15); margin: 1px; max-width:540px; min-width:326px; padding:0; width:99.375%; width:-webkit-calc(100% - 2px); width:calc(100% - 2px);\">\r\n<div style=\"padding:16px;\">\r\n<div style=\" display: flex; flex-direction: row; align-items: center;\">\r\n<div style=\"background-color: #F4F4F4; border-radius: 50%; flex-grow: 0; height: 40px; margin-right: 14px; width: 40px;\">&nbsp;</div>\r\n\r\n<div style=\"display: flex; flex-direction: column; flex-grow: 1; justify-content: center;\">\r\n<div style=\" background-color: #F4F4F4; border-radius: 4px; flex-grow: 0; height: 14px; margin-bottom: 6px; width: 100px;\">&nbsp;</div>\r\n\r\n<div style=\" background-color: #F4F4F4; border-radius: 4px; flex-grow: 0; height: 14px; width: 60px;\">&nbsp;</div>\r\n</div>\r\n</div>\r\n\r\n<div style=\"padding: 19% 0;\">&nbsp;</div>\r\n\r\n<div style=\"display:block; height:50px; margin:0 auto 12px; width:50px;\"><a href=\"https://www.instagram.com/p/BgkoAe1FNW_/?utm_source=ig_embed&amp;utm_campaign=loading\" style=\" background:#FFFFFF; line-height:0; padding:0 0; text-align:center; text-decoration:none; width:100%;\" target=\"_blank\"><svg height=\"50px\" version=\"1.1\" viewbox=\"0 0 60 60\" width=\"50px\" xmlns=\"https://www.w3.org/2000/svg\" xmlns:xlink=\"https://www.w3.org/1999/xlink\"><g fill=\"none\" fill-rule=\"evenodd\" stroke=\"none\" stroke-width=\"1\"><g fill=\"#000000\" transform=\"translate(-511.000000, -20.000000)\"><g><path d=\"M556.869,30.41 C554.814,30.41 553.148,32.076 553.148,34.131 C553.148,36.186 554.814,37.852 556.869,37.852 C558.924,37.852 560.59,36.186 560.59,34.131 C560.59,32.076 558.924,30.41 556.869,30.41 M541,60.657 C535.114,60.657 530.342,55.887 530.342,50 C530.342,44.114 535.114,39.342 541,39.342 C546.887,39.342 551.658,44.114 551.658,50 C551.658,55.887 546.887,60.657 541,60.657 M541,33.886 C532.1,33.886 524.886,41.1 524.886,50 C524.886,58.899 532.1,66.113 541,66.113 C549.9,66.113 557.115,58.899 557.115,50 C557.115,41.1 549.9,33.886 541,33.886 M565.378,62.101 C565.244,65.022 564.756,66.606 564.346,67.663 C563.803,69.06 563.154,70.057 562.106,71.106 C561.058,72.155 560.06,72.803 558.662,73.347 C557.607,73.757 556.021,74.244 553.102,74.378 C549.944,74.521 548.997,74.552 541,74.552 C533.003,74.552 532.056,74.521 528.898,74.378 C525.979,74.244 524.393,73.757 523.338,73.347 C521.94,72.803 520.942,72.155 519.894,71.106 C518.846,70.057 518.197,69.06 517.654,67.663 C517.244,66.606 516.755,65.022 516.623,62.101 C516.479,58.943 516.448,57.996 516.448,50 C516.448,42.003 516.479,41.056 516.623,37.899 C516.755,34.978 517.244,33.391 517.654,32.338 C518.197,30.938 518.846,29.942 519.894,28.894 C520.942,27.846 521.94,27.196 523.338,26.654 C524.393,26.244 525.979,25.756 528.898,25.623 C532.057,25.479 533.004,25.448 541,25.448 C548.997,25.448 549.943,25.479 553.102,25.623 C556.021,25.756 557.607,26.244 558.662,26.654 C560.06,27.196 561.058,27.846 562.106,28.894 C563.154,29.942 563.803,30.938 564.346,32.338 C564.756,33.391 565.244,34.978 565.378,37.899 C565.522,41.056 565.552,42.003 565.552,50 C565.552,57.996 565.522,58.943 565.378,62.101 M570.82,37.631 C570.674,34.438 570.167,32.258 569.425,30.349 C568.659,28.377 567.633,26.702 565.965,25.035 C564.297,23.368 562.623,22.342 560.652,21.575 C558.743,20.834 556.562,20.326 553.369,20.18 C550.169,20.033 549.148,20 541,20 C532.853,20 531.831,20.033 528.631,20.18 C525.438,20.326 523.257,20.834 521.349,21.575 C519.376,22.342 517.703,23.368 516.035,25.035 C514.368,26.702 513.342,28.377 512.574,30.349 C511.834,32.258 511.326,34.438 511.181,37.631 C511.035,40.831 511,41.851 511,50 C511,58.147 511.035,59.17 511.181,62.369 C511.326,65.562 511.834,67.743 512.574,69.651 C513.342,71.625 514.368,73.296 516.035,74.965 C517.703,76.634 519.376,77.658 521.349,78.425 C523.257,79.167 525.438,79.673 528.631,79.82 C531.831,79.965 532.853,80.001 541,80.001 C549.148,80.001 550.169,79.965 553.369,79.82 C556.562,79.673 558.743,79.167 560.652,78.425 C562.623,77.658 564.297,76.634 565.965,74.965 C567.633,73.296 568.659,71.625 569.425,69.651 C570.167,67.743 570.674,65.562 570.82,62.369 C570.966,59.17 571,58.147 571,50 C571,41.851 570.966,40.831 570.82,37.631\"></path></g></g></g></svg></a></div>\r\n\r\n<div style=\"padding-top: 8px;\">\r\n<div style=\" color:#3897f0; font-family:Arial,sans-serif; font-size:14px; font-style:normal; font-weight:550; line-height:18px;\"><a href=\"https://www.instagram.com/p/BgkoAe1FNW_/?utm_source=ig_embed&amp;utm_campaign=loading\" style=\" background:#FFFFFF; line-height:0; padding:0 0; text-align:center; text-decoration:none; width:100%;\" target=\"_blank\">View this post on Instagram</a></div>\r\n</div>\r\n\r\n<div style=\"padding: 12.5% 0;\">&nbsp;</div>\r\n\r\n<div style=\"display: flex; flex-direction: row; margin-bottom: 14px; align-items: center;\">\r\n<div>\r\n<div style=\"background-color: #F4F4F4; border-radius: 50%; height: 12.5px; width: 12.5px; transform: translateX(0px) translateY(7px);\">&nbsp;</div>\r\n\r\n<div style=\"background-color: #F4F4F4; height: 12.5px; transform: rotate(-45deg) translateX(3px) translateY(1px); width: 12.5px; flex-grow: 0; margin-right: 14px; margin-left: 2px;\">&nbsp;</div>\r\n\r\n<div style=\"background-color: #F4F4F4; border-radius: 50%; height: 12.5px; width: 12.5px; transform: translateX(9px) translateY(-18px);\">&nbsp;</div>\r\n</div>\r\n\r\n<div style=\"margin-left: 8px;\">\r\n<div style=\" background-color: #F4F4F4; border-radius: 50%; flex-grow: 0; height: 20px; width: 20px;\">&nbsp;</div>\r\n\r\n<div style=\" width: 0; height: 0; border-top: 2px solid transparent; border-left: 6px solid #f4f4f4; border-bottom: 2px solid transparent; transform: translateX(16px) translateY(-4px) rotate(30deg)\">&nbsp;</div>\r\n</div>\r\n\r\n<div style=\"margin-left: auto;\">\r\n<div style=\" width: 0px; border-top: 8px solid #F4F4F4; border-right: 8px solid transparent; transform: translateY(16px);\">&nbsp;</div>\r\n\r\n<div style=\" background-color: #F4F4F4; flex-grow: 0; height: 12px; width: 16px; transform: translateY(-4px);\">&nbsp;</div>\r\n\r\n<div style=\" width: 0; height: 0; border-top: 8px solid #F4F4F4; border-left: 8px solid transparent; transform: translateY(-4px) translateX(8px);\">&nbsp;</div>\r\n</div>\r\n</div>\r\n\r\n<p style=\" margin:8px 0 0 0; padding:0 4px;\"><a href=\"https://www.instagram.com/p/BgkoAe1FNW_/?utm_source=ig_embed&amp;utm_campaign=loading\" style=\" color:#000; font-family:Arial,sans-serif; font-size:14px; font-style:normal; font-weight:normal; line-height:17px; text-decoration:none; word-wrap:break-word;\" target=\"_blank\">Kamu pecinta kopi? Tahu 9 fakta unik tentang kopi? kalo belum tahu, yuk simak ulasan berikut ini! Jangan Ngaku Pecinta Kopi Kalau Belum Tahu 9 Fakta Unik Ini! . . #tiarafarmid #infounik #faktaunik #kopiaceh #gayoaceh #happyday #simakyuk #ulasan #instagood #instadaily #photooftheday #like4follow #likeforfollow #likeforlike #instapic #instagram #picoftheday</a></p>\r\n\r\n<p style=\" color:#c9c8cd; font-family:Arial,sans-serif; font-size:14px; line-height:17px; margin-bottom:0; margin-top:8px; overflow:hidden; padding:8px 0 7px; text-align:center; text-overflow:ellipsis; white-space:nowrap;\">A post shared by <a href=\"https://www.instagram.com/tiarafarmid/?utm_source=ig_embed&amp;utm_campaign=loading\" style=\" color:#c9c8cd; font-family:Arial,sans-serif; font-size:14px; font-style:normal; font-weight:normal; line-height:17px;\" target=\"_blank\"> tiarafarm</a> (@tiarafarmid) on <time datetime=\"2018-03-21T04:43:06+00:00\" style=\" font-family:Arial,sans-serif; font-size:14px; line-height:17px;\">Mar 20, 2018 at 9:43pm PDT</time></p>\r\n</div>\r\n</blockquote>\r\n<script async src=\"//www.instagram.com/embed.js\"></script>', '8364TIS-47613.png', '2018-01-11 18:40:43', '2020-01-13 12:53:42', 0, 1, 9),
(9, '3', 'Haerul Warsin', 'Haerul Warsin', '<p><br />\r\nNama Klien: Haerul Warisin&nbsp;<br />\r\nNama Proyek: Media Monitoring&nbsp;<br />\r\nList Kampanye: Media Monitoring dan Analisis</p>', '<p><br />\r\nClient Name: Haerul Warisin&nbsp;<br />\r\nProject Name: Media Monitoring&nbsp;<br />\r\nList Of Campaign: Media Monitoring &amp; Analysis&nbsp;</p>', '2103wabub.png', '2018-02-12 11:59:29', '2020-01-07 07:54:18', 0, 0, 20),
(10, '', 'Pertamina', 'Pertamina', '<p>Client Name: Pertamina<br />\r\nList Of Campaign:</p>\r\n\r\n<ul>\r\n	<li>Key Opinion Leader Endorsement&nbsp;</li>\r\n	<li>Social Media Management&nbsp;</li>\r\n	<li>Media Placement&nbsp;</li>\r\n	<li>Media Handling&nbsp;</li>\r\n	<li>Social Media Endorsement&nbsp;</li>\r\n</ul>', '<p>Client Name: Pertamina<br />\r\nList Of Campaign:</p>\r\n\r\n<ul>\r\n	<li>Key Opinion Leader Endorsement&nbsp;</li>\r\n	<li>Social Media Management&nbsp;</li>\r\n	<li>Media Placement&nbsp;</li>\r\n	<li>Media Handling&nbsp;</li>\r\n	<li>Social Media Endorsement&nbsp;</li>\r\n</ul>', '4995pertamina-logo.png', '2018-04-10 11:04:06', '2019-04-08 05:00:45', 0, 0, 21);
INSERT INTO `tb_client` (`client_id`, `service_id`, `name`, `name_en`, `description`, `description_en`, `image`, `date_create`, `date_update`, `top`, `status`, `short`) VALUES
(11, '2,3', 'Cirebon Power', 'Cirebon Power', '<p>Nama Klien: <strong>Cirebon Power</strong><br />\r\n&nbsp;</p>\r\n\r\n<p>Di era digital, kebutuhan terhadap media sosial bukan hanya dirasakan perusahaan business to consumer, tapi juga perusahaan business to business. Media sosial cukup efektif untuk menyampaikan informasi, program, ide atau gagasan, dan sebagai media untuk berkomunikasi dengan khalayak.</p>\r\n\r\n<p>Menyadari hal itu, Cirebon Power bekerja sama dengan kami untuk mengelola akun resmi Instagram, Twitter, Facebook, dan YouTube. Pesan mengenai Cirebon Power dan hal-hal yang berkaitan dengan listrik atau daerah Cirebon kami sampaikan dalam bentuk foto, videografis, motiongrafis, gif atau infografis.</p>\r\n\r\n<p>Selama dua tahun bekerja sama, kami mampu meningkatkan brand awareness, menyampaikan ke publik program-program Cirebon Power untuk meningkatkan kemampuan masyarakat dan pelestarian lingkungan, menaikkan followers dan engagement akun media sosial Cirebon Power.</p>\r\n\r\n<p>Kerja sama Cirebon Power dengan kami tidak sebatas pengelolaan akun media sosial, tapi juga mendesain media luar ruang, iklan koran, video/foto dokumentasi acara, disain kalender, dan masih banyak lagi.</p>\r\n\r\n<p><strong>Instagram</strong>:</p>\r\n\r\n<blockquote class=\"instagram-media\" data-instgrm-captioned=\"\" data-instgrm-permalink=\"https://www.instagram.com/p/B51ZFs1hNNe/?utm_source=ig_embed&amp;utm_campaign=loading\" data-instgrm-version=\"12\" style=\" background:#FFF; border:0; border-radius:3px; box-shadow:0 0 1px 0 rgba(0,0,0,0.5),0 1px 10px 0 rgba(0,0,0,0.15); margin: 1px; max-width:540px; min-width:326px; padding:0; width:99.375%; width:-webkit-calc(100% - 2px); width:calc(100% - 2px);\">\r\n<div style=\"padding:16px;\">\r\n<div style=\" display: flex; flex-direction: row; align-items: center;\">\r\n<div style=\"background-color: #F4F4F4; border-radius: 50%; flex-grow: 0; height: 40px; margin-right: 14px; width: 40px;\">&nbsp;</div>\r\n\r\n<div style=\"display: flex; flex-direction: column; flex-grow: 1; justify-content: center;\">\r\n<div style=\" background-color: #F4F4F4; border-radius: 4px; flex-grow: 0; height: 14px; margin-bottom: 6px; width: 100px;\">&nbsp;</div>\r\n\r\n<div style=\" background-color: #F4F4F4; border-radius: 4px; flex-grow: 0; height: 14px; width: 60px;\">&nbsp;</div>\r\n</div>\r\n</div>\r\n\r\n<div style=\"padding: 19% 0;\">&nbsp;</div>\r\n\r\n<div style=\"display:block; height:50px; margin:0 auto 12px; width:50px;\"><a href=\"https://www.instagram.com/p/B51ZFs1hNNe/?utm_source=ig_embed&amp;utm_campaign=loading\" style=\" background:#FFFFFF; line-height:0; padding:0 0; text-align:center; text-decoration:none; width:100%;\" target=\"_blank\"><svg height=\"50px\" version=\"1.1\" viewbox=\"0 0 60 60\" width=\"50px\" xmlns=\"https://www.w3.org/2000/svg\" xmlns:xlink=\"https://www.w3.org/1999/xlink\"><g fill=\"none\" fill-rule=\"evenodd\" stroke=\"none\" stroke-width=\"1\"><g fill=\"#000000\" transform=\"translate(-511.000000, -20.000000)\"><g><path d=\"M556.869,30.41 C554.814,30.41 553.148,32.076 553.148,34.131 C553.148,36.186 554.814,37.852 556.869,37.852 C558.924,37.852 560.59,36.186 560.59,34.131 C560.59,32.076 558.924,30.41 556.869,30.41 M541,60.657 C535.114,60.657 530.342,55.887 530.342,50 C530.342,44.114 535.114,39.342 541,39.342 C546.887,39.342 551.658,44.114 551.658,50 C551.658,55.887 546.887,60.657 541,60.657 M541,33.886 C532.1,33.886 524.886,41.1 524.886,50 C524.886,58.899 532.1,66.113 541,66.113 C549.9,66.113 557.115,58.899 557.115,50 C557.115,41.1 549.9,33.886 541,33.886 M565.378,62.101 C565.244,65.022 564.756,66.606 564.346,67.663 C563.803,69.06 563.154,70.057 562.106,71.106 C561.058,72.155 560.06,72.803 558.662,73.347 C557.607,73.757 556.021,74.244 553.102,74.378 C549.944,74.521 548.997,74.552 541,74.552 C533.003,74.552 532.056,74.521 528.898,74.378 C525.979,74.244 524.393,73.757 523.338,73.347 C521.94,72.803 520.942,72.155 519.894,71.106 C518.846,70.057 518.197,69.06 517.654,67.663 C517.244,66.606 516.755,65.022 516.623,62.101 C516.479,58.943 516.448,57.996 516.448,50 C516.448,42.003 516.479,41.056 516.623,37.899 C516.755,34.978 517.244,33.391 517.654,32.338 C518.197,30.938 518.846,29.942 519.894,28.894 C520.942,27.846 521.94,27.196 523.338,26.654 C524.393,26.244 525.979,25.756 528.898,25.623 C532.057,25.479 533.004,25.448 541,25.448 C548.997,25.448 549.943,25.479 553.102,25.623 C556.021,25.756 557.607,26.244 558.662,26.654 C560.06,27.196 561.058,27.846 562.106,28.894 C563.154,29.942 563.803,30.938 564.346,32.338 C564.756,33.391 565.244,34.978 565.378,37.899 C565.522,41.056 565.552,42.003 565.552,50 C565.552,57.996 565.522,58.943 565.378,62.101 M570.82,37.631 C570.674,34.438 570.167,32.258 569.425,30.349 C568.659,28.377 567.633,26.702 565.965,25.035 C564.297,23.368 562.623,22.342 560.652,21.575 C558.743,20.834 556.562,20.326 553.369,20.18 C550.169,20.033 549.148,20 541,20 C532.853,20 531.831,20.033 528.631,20.18 C525.438,20.326 523.257,20.834 521.349,21.575 C519.376,22.342 517.703,23.368 516.035,25.035 C514.368,26.702 513.342,28.377 512.574,30.349 C511.834,32.258 511.326,34.438 511.181,37.631 C511.035,40.831 511,41.851 511,50 C511,58.147 511.035,59.17 511.181,62.369 C511.326,65.562 511.834,67.743 512.574,69.651 C513.342,71.625 514.368,73.296 516.035,74.965 C517.703,76.634 519.376,77.658 521.349,78.425 C523.257,79.167 525.438,79.673 528.631,79.82 C531.831,79.965 532.853,80.001 541,80.001 C549.148,80.001 550.169,79.965 553.369,79.82 C556.562,79.673 558.743,79.167 560.652,78.425 C562.623,77.658 564.297,76.634 565.965,74.965 C567.633,73.296 568.659,71.625 569.425,69.651 C570.167,67.743 570.674,65.562 570.82,62.369 C570.966,59.17 571,58.147 571,50 C571,41.851 570.966,40.831 570.82,37.631\"></path></g></g></g></svg></a></div>\r\n\r\n<div style=\"padding-top: 8px;\">\r\n<div style=\" color:#3897f0; font-family:Arial,sans-serif; font-size:14px; font-style:normal; font-weight:550; line-height:18px;\"><a href=\"https://www.instagram.com/p/B51ZFs1hNNe/?utm_source=ig_embed&amp;utm_campaign=loading\" style=\" background:#FFFFFF; line-height:0; padding:0 0; text-align:center; text-decoration:none; width:100%;\" target=\"_blank\">View this post on Instagram</a></div>\r\n</div>\r\n\r\n<div style=\"padding: 12.5% 0;\">&nbsp;</div>\r\n\r\n<div style=\"display: flex; flex-direction: row; margin-bottom: 14px; align-items: center;\">\r\n<div>\r\n<div style=\"background-color: #F4F4F4; border-radius: 50%; height: 12.5px; width: 12.5px; transform: translateX(0px) translateY(7px);\">&nbsp;</div>\r\n\r\n<div style=\"background-color: #F4F4F4; height: 12.5px; transform: rotate(-45deg) translateX(3px) translateY(1px); width: 12.5px; flex-grow: 0; margin-right: 14px; margin-left: 2px;\">&nbsp;</div>\r\n\r\n<div style=\"background-color: #F4F4F4; border-radius: 50%; height: 12.5px; width: 12.5px; transform: translateX(9px) translateY(-18px);\">&nbsp;</div>\r\n</div>\r\n\r\n<div style=\"margin-left: 8px;\">\r\n<div style=\" background-color: #F4F4F4; border-radius: 50%; flex-grow: 0; height: 20px; width: 20px;\">&nbsp;</div>\r\n\r\n<div style=\" width: 0; height: 0; border-top: 2px solid transparent; border-left: 6px solid #f4f4f4; border-bottom: 2px solid transparent; transform: translateX(16px) translateY(-4px) rotate(30deg)\">&nbsp;</div>\r\n</div>\r\n\r\n<div style=\"margin-left: auto;\">\r\n<div style=\" width: 0px; border-top: 8px solid #F4F4F4; border-right: 8px solid transparent; transform: translateY(16px);\">&nbsp;</div>\r\n\r\n<div style=\" background-color: #F4F4F4; flex-grow: 0; height: 12px; width: 16px; transform: translateY(-4px);\">&nbsp;</div>\r\n\r\n<div style=\" width: 0; height: 0; border-top: 8px solid #F4F4F4; border-left: 8px solid transparent; transform: translateY(-4px) translateX(8px);\">&nbsp;</div>\r\n</div>\r\n</div>\r\n\r\n<p style=\" margin:8px 0 0 0; padding:0 4px;\"><a href=\"https://www.instagram.com/p/B51ZFs1hNNe/?utm_source=ig_embed&amp;utm_campaign=loading\" style=\" color:#000; font-family:Arial,sans-serif; font-size:14px; font-style:normal; font-weight:normal; line-height:17px; text-decoration:none; word-wrap:break-word;\" target=\"_blank\">Memulai hari dengan senyum bisa jadi perisai awal untuk tetap positif dalam menjalani rutinitas. Mari senyum, Kawan. #CirebonPower #Seninsemangat</a></p>\r\n\r\n<p style=\" color:#c9c8cd; font-family:Arial,sans-serif; font-size:14px; line-height:17px; margin-bottom:0; margin-top:8px; overflow:hidden; padding:8px 0 7px; text-align:center; text-overflow:ellipsis; white-space:nowrap;\">A post shared by <a href=\"https://www.instagram.com/cirebonpower_official/?utm_source=ig_embed&amp;utm_campaign=loading\" style=\" color:#c9c8cd; font-family:Arial,sans-serif; font-size:14px; font-style:normal; font-weight:normal; line-height:17px;\" target=\"_blank\"> Cirebon Power</a> (@cirebonpower_official) on <time datetime=\"2019-12-09T02:04:41+00:00\" style=\" font-family:Arial,sans-serif; font-size:14px; line-height:17px;\">Dec 8, 2019 at 6:04pm PST</time></p>\r\n</div>\r\n</blockquote>\r\n<script async src=\"//www.instagram.com/embed.js\"></script>\r\n\r\n<p>&nbsp;</p>\r\n\r\n<p><strong>Youtube</strong>:</p>\r\n\r\n<p><iframe allow=\"accelerometer; autoplay; encrypted-media; gyroscope; picture-in-picture\" allowfullscreen=\"\" frameborder=\"0\" height=\"315\" src=\"https://www.youtube.com/embed/yiBA88gEorg\" width=\"560\"></iframe></p>', '<p>Nama Klien: <strong>Cirebon Power</strong><br />\r\n&nbsp;</p>\r\n\r\n<p>Di era digital, kebutuhan terhadap media sosial bukan hanya dirasakan perusahaan business to consumer, tapi juga perusahaan business to business. Media sosial cukup efektif untuk menyampaikan informasi, program, ide atau gagasan, dan sebagai media untuk berkomunikasi dengan khalayak.</p>\r\n\r\n<p>Menyadari hal itu, Cirebon Power bekerja sama dengan kami untuk mengelola akun resmi Instagram, Twitter, Facebook, dan YouTube. Pesan mengenai Cirebon Power dan hal-hal yang berkaitan dengan listrik atau daerah Cirebon kami sampaikan dalam bentuk foto, videografis, motiongrafis, gif atau infografis.</p>\r\n\r\n<p>Selama dua tahun bekerja sama, kami mampu meningkatkan brand awareness, menyampaikan ke publik program-program Cirebon Power untuk meningkatkan kemampuan masyarakat dan pelestarian lingkungan, menaikkan followers dan engagement akun media sosial Cirebon Power.</p>\r\n\r\n<p>Kerja sama Cirebon Power dengan kami tidak sebatas pengelolaan akun media sosial, tapi juga mendesain media luar ruang, iklan koran, video/foto dokumentasi acara, disain kalender, dan masih banyak lagi.</p>\r\n\r\n<p><strong>Instagram</strong>:</p>\r\n\r\n<blockquote class=\"instagram-media\" data-instgrm-captioned=\"\" data-instgrm-permalink=\"https://www.instagram.com/p/B51ZFs1hNNe/?utm_source=ig_embed&amp;utm_campaign=loading\" data-instgrm-version=\"12\" style=\" background:#FFF; border:0; border-radius:3px; box-shadow:0 0 1px 0 rgba(0,0,0,0.5),0 1px 10px 0 rgba(0,0,0,0.15); margin: 1px; max-width:540px; min-width:326px; padding:0; width:99.375%; width:-webkit-calc(100% - 2px); width:calc(100% - 2px);\">\r\n<div style=\"padding:16px;\">\r\n<div style=\" display: flex; flex-direction: row; align-items: center;\">\r\n<div style=\"background-color: #F4F4F4; border-radius: 50%; flex-grow: 0; height: 40px; margin-right: 14px; width: 40px;\">&nbsp;</div>\r\n\r\n<div style=\"display: flex; flex-direction: column; flex-grow: 1; justify-content: center;\">\r\n<div style=\" background-color: #F4F4F4; border-radius: 4px; flex-grow: 0; height: 14px; margin-bottom: 6px; width: 100px;\">&nbsp;</div>\r\n\r\n<div style=\" background-color: #F4F4F4; border-radius: 4px; flex-grow: 0; height: 14px; width: 60px;\">&nbsp;</div>\r\n</div>\r\n</div>\r\n\r\n<div style=\"padding: 19% 0;\">&nbsp;</div>\r\n\r\n<div style=\"display:block; height:50px; margin:0 auto 12px; width:50px;\"><a href=\"https://www.instagram.com/p/B51ZFs1hNNe/?utm_source=ig_embed&amp;utm_campaign=loading\" style=\" background:#FFFFFF; line-height:0; padding:0 0; text-align:center; text-decoration:none; width:100%;\" target=\"_blank\"><svg height=\"50px\" version=\"1.1\" viewbox=\"0 0 60 60\" width=\"50px\" xmlns=\"https://www.w3.org/2000/svg\" xmlns:xlink=\"https://www.w3.org/1999/xlink\"><g fill=\"none\" fill-rule=\"evenodd\" stroke=\"none\" stroke-width=\"1\"><g fill=\"#000000\" transform=\"translate(-511.000000, -20.000000)\"><g><path d=\"M556.869,30.41 C554.814,30.41 553.148,32.076 553.148,34.131 C553.148,36.186 554.814,37.852 556.869,37.852 C558.924,37.852 560.59,36.186 560.59,34.131 C560.59,32.076 558.924,30.41 556.869,30.41 M541,60.657 C535.114,60.657 530.342,55.887 530.342,50 C530.342,44.114 535.114,39.342 541,39.342 C546.887,39.342 551.658,44.114 551.658,50 C551.658,55.887 546.887,60.657 541,60.657 M541,33.886 C532.1,33.886 524.886,41.1 524.886,50 C524.886,58.899 532.1,66.113 541,66.113 C549.9,66.113 557.115,58.899 557.115,50 C557.115,41.1 549.9,33.886 541,33.886 M565.378,62.101 C565.244,65.022 564.756,66.606 564.346,67.663 C563.803,69.06 563.154,70.057 562.106,71.106 C561.058,72.155 560.06,72.803 558.662,73.347 C557.607,73.757 556.021,74.244 553.102,74.378 C549.944,74.521 548.997,74.552 541,74.552 C533.003,74.552 532.056,74.521 528.898,74.378 C525.979,74.244 524.393,73.757 523.338,73.347 C521.94,72.803 520.942,72.155 519.894,71.106 C518.846,70.057 518.197,69.06 517.654,67.663 C517.244,66.606 516.755,65.022 516.623,62.101 C516.479,58.943 516.448,57.996 516.448,50 C516.448,42.003 516.479,41.056 516.623,37.899 C516.755,34.978 517.244,33.391 517.654,32.338 C518.197,30.938 518.846,29.942 519.894,28.894 C520.942,27.846 521.94,27.196 523.338,26.654 C524.393,26.244 525.979,25.756 528.898,25.623 C532.057,25.479 533.004,25.448 541,25.448 C548.997,25.448 549.943,25.479 553.102,25.623 C556.021,25.756 557.607,26.244 558.662,26.654 C560.06,27.196 561.058,27.846 562.106,28.894 C563.154,29.942 563.803,30.938 564.346,32.338 C564.756,33.391 565.244,34.978 565.378,37.899 C565.522,41.056 565.552,42.003 565.552,50 C565.552,57.996 565.522,58.943 565.378,62.101 M570.82,37.631 C570.674,34.438 570.167,32.258 569.425,30.349 C568.659,28.377 567.633,26.702 565.965,25.035 C564.297,23.368 562.623,22.342 560.652,21.575 C558.743,20.834 556.562,20.326 553.369,20.18 C550.169,20.033 549.148,20 541,20 C532.853,20 531.831,20.033 528.631,20.18 C525.438,20.326 523.257,20.834 521.349,21.575 C519.376,22.342 517.703,23.368 516.035,25.035 C514.368,26.702 513.342,28.377 512.574,30.349 C511.834,32.258 511.326,34.438 511.181,37.631 C511.035,40.831 511,41.851 511,50 C511,58.147 511.035,59.17 511.181,62.369 C511.326,65.562 511.834,67.743 512.574,69.651 C513.342,71.625 514.368,73.296 516.035,74.965 C517.703,76.634 519.376,77.658 521.349,78.425 C523.257,79.167 525.438,79.673 528.631,79.82 C531.831,79.965 532.853,80.001 541,80.001 C549.148,80.001 550.169,79.965 553.369,79.82 C556.562,79.673 558.743,79.167 560.652,78.425 C562.623,77.658 564.297,76.634 565.965,74.965 C567.633,73.296 568.659,71.625 569.425,69.651 C570.167,67.743 570.674,65.562 570.82,62.369 C570.966,59.17 571,58.147 571,50 C571,41.851 570.966,40.831 570.82,37.631\"></path></g></g></g></svg></a></div>\r\n\r\n<div style=\"padding-top: 8px;\">\r\n<div style=\" color:#3897f0; font-family:Arial,sans-serif; font-size:14px; font-style:normal; font-weight:550; line-height:18px;\"><a href=\"https://www.instagram.com/p/B51ZFs1hNNe/?utm_source=ig_embed&amp;utm_campaign=loading\" style=\" background:#FFFFFF; line-height:0; padding:0 0; text-align:center; text-decoration:none; width:100%;\" target=\"_blank\">View this post on Instagram</a></div>\r\n</div>\r\n\r\n<div style=\"padding: 12.5% 0;\">&nbsp;</div>\r\n\r\n<div style=\"display: flex; flex-direction: row; margin-bottom: 14px; align-items: center;\">\r\n<div>\r\n<div style=\"background-color: #F4F4F4; border-radius: 50%; height: 12.5px; width: 12.5px; transform: translateX(0px) translateY(7px);\">&nbsp;</div>\r\n\r\n<div style=\"background-color: #F4F4F4; height: 12.5px; transform: rotate(-45deg) translateX(3px) translateY(1px); width: 12.5px; flex-grow: 0; margin-right: 14px; margin-left: 2px;\">&nbsp;</div>\r\n\r\n<div style=\"background-color: #F4F4F4; border-radius: 50%; height: 12.5px; width: 12.5px; transform: translateX(9px) translateY(-18px);\">&nbsp;</div>\r\n</div>\r\n\r\n<div style=\"margin-left: 8px;\">\r\n<div style=\" background-color: #F4F4F4; border-radius: 50%; flex-grow: 0; height: 20px; width: 20px;\">&nbsp;</div>\r\n\r\n<div style=\" width: 0; height: 0; border-top: 2px solid transparent; border-left: 6px solid #f4f4f4; border-bottom: 2px solid transparent; transform: translateX(16px) translateY(-4px) rotate(30deg)\">&nbsp;</div>\r\n</div>\r\n\r\n<div style=\"margin-left: auto;\">\r\n<div style=\" width: 0px; border-top: 8px solid #F4F4F4; border-right: 8px solid transparent; transform: translateY(16px);\">&nbsp;</div>\r\n\r\n<div style=\" background-color: #F4F4F4; flex-grow: 0; height: 12px; width: 16px; transform: translateY(-4px);\">&nbsp;</div>\r\n\r\n<div style=\" width: 0; height: 0; border-top: 8px solid #F4F4F4; border-left: 8px solid transparent; transform: translateY(-4px) translateX(8px);\">&nbsp;</div>\r\n</div>\r\n</div>\r\n\r\n<p style=\" margin:8px 0 0 0; padding:0 4px;\"><a href=\"https://www.instagram.com/p/B51ZFs1hNNe/?utm_source=ig_embed&amp;utm_campaign=loading\" style=\" color:#000; font-family:Arial,sans-serif; font-size:14px; font-style:normal; font-weight:normal; line-height:17px; text-decoration:none; word-wrap:break-word;\" target=\"_blank\">Memulai hari dengan senyum bisa jadi perisai awal untuk tetap positif dalam menjalani rutinitas. Mari senyum, Kawan. #CirebonPower #Seninsemangat</a></p>\r\n\r\n<p style=\" color:#c9c8cd; font-family:Arial,sans-serif; font-size:14px; line-height:17px; margin-bottom:0; margin-top:8px; overflow:hidden; padding:8px 0 7px; text-align:center; text-overflow:ellipsis; white-space:nowrap;\">A post shared by <a href=\"https://www.instagram.com/cirebonpower_official/?utm_source=ig_embed&amp;utm_campaign=loading\" style=\" color:#c9c8cd; font-family:Arial,sans-serif; font-size:14px; font-style:normal; font-weight:normal; line-height:17px;\" target=\"_blank\"> Cirebon Power</a> (@cirebonpower_official) on <time datetime=\"2019-12-09T02:04:41+00:00\" style=\" font-family:Arial,sans-serif; font-size:14px; line-height:17px;\">Dec 8, 2019 at 6:04pm PST</time></p>\r\n</div>\r\n</blockquote>\r\n<script async src=\"//www.instagram.com/embed.js\"></script>\r\n\r\n<p>&nbsp;</p>\r\n\r\n<p><strong>Youtube</strong>:</p>\r\n\r\n<p><iframe allow=\"accelerometer; autoplay; encrypted-media; gyroscope; picture-in-picture\" allowfullscreen=\"\" frameborder=\"0\" height=\"315\" src=\"https://www.youtube.com/embed/yiBA88gEorg\" width=\"560\"></iframe></p>', '6370cirebonpower-logo.png', '2018-04-11 07:15:29', '2020-01-13 08:29:05', 1, 1, 3),
(12, '2', 'Asus', 'Asus', '<p>Klien Kami</p>', '<p>Our Client</p>', '6974asus.png', '2018-04-30 12:42:27', '2020-01-07 07:49:27', 1, 1, 8),
(13, '1', 'Ancol', 'Ancol', '<p>Klien Kami</p>', '<p>Our Client</p>', '5292ancol.png', '2018-04-30 12:46:22', '2020-01-07 07:49:57', 1, 1, 4),
(14, '2', 'Telkom Indonesia', 'Telkom Indonesia', '<p>Klien Kami</p>', '<p>Our Client</p>', '9232telkom.png', '2018-04-30 12:49:51', '2020-01-07 07:50:15', 1, 1, 5),
(15, '2', 'Kemenpar', 'Kemenpar', '<p>Nama Klien: <strong>Kemenpar</strong></p>\r\n\r\n<p>Kementerian Pariwisata (Kemenpar) melalui Pesona Indonesia sangat ambisius dalam mempromosikan pariwisata dalam negeri. Kemenpar ingin menyasar wisatawan dan masyarakat Indonesia secara umum melalui media social. Selain memperkenalkan beragam tempat wisata di Indonesia, Kemenpar juga ingin memberi edukasi kepada masyarakat tentang pariwisata dan potensi ekonomi yang bisa diraup oleh masyarakat setempat. Sebaran promosi pariwisata di media sosial Kemenpar harus terukur dengan data yang valid, bisa dipantau secara real time perkembangan angagementnya.</p>\r\n\r\n<p>Dalam meningkatkan angagement Digital Nusantara Advertising memaksimalkan akun media social resmi pesona Indonesia yakni pesona_travel untuk medium branding. Hal itu mencakup informasi destinasi wisata dalam negeri, event-event tentang pariwisata, baik yang diselenggarakan oleh Kementerian Pariwisata sendiri ataupun dilakukan oleh Dinas-dinas pariwisata di daerah.</p>\r\n\r\n<p>Kami mengolah konten-konten, foto dan video tentang pariwisata dan event-event tersebut menjadi konten kreatif yang menarik dan mudah dipahami oleh netizen ataupun masyarakat luas. Konten kreatif tersebut dipublikasikan di semua platform media sosial Pesona Indonesia yang dilengkapi dengan hastag yangrelevan dan dimungkinkan bisa menjangkau lebih banyak khalayak.</p>\r\n\r\n<p>Setelah dipublikasikan melalui media sosial, kemudian dimaksimalkan dengan menggunakan ads sehingga bisa menjangkau lebih banyak khalayak dan pengguna media sosial. Selain ads kami juga menggunakan sosial media endorsement untuk menarik perhatian netizen, dalam hal ini kami bekerja sama dengan influencer dalam pembuatan konten dan konten-konten tersebut dishare juga oleh yang bersangkutan melalui akun media sosialnya. Sehingga, followersnya maupun khalayak secara umum bisa tertarik dengan konten yang dishare tersebut.</p>\r\n\r\n<p>Sebaran konten melalui media sosial tersebut dapat dipantau secara real time melalui tools social bakers dan tools andalan kami Inteligent perception analisit (IPA). Kedua tools ini menampilkan seberapa luas jangkauan, demografi, gender, bahkan persepsi netizen terhadap konten-konten media sosial tersebut. Sehingga, secara faktual bisa dipantau dan dijadikan rujukan untuk konten-konten berikutnya. Untuk menjaga loyalitas dan menambah followers, serta meningkatkan angagement, kami membuat kuis dengan menawarkan hadiah-hadiah menarik.</p>\r\n\r\n<p>Hingga akhir project, hasil yang cukup luar biasa dapat dicapai dengan penerapan metodologi di atas. Followers berkembang pesar, angagement di media sosial Pesona Indonesia meningkat tajam dan ritchnya di luar dugaan. Itu menandakan bahwa sosialisasi pariwisatamelalui pengelolaan media sosial ini sangat efektif dan berimplikasi pada meningkatnya ketertarikan masyarakat Indonesia terhadap pariwisata dalam negeri dan berefek pada peningkatan kesejahteraan secara ekonomi.</p>', '<p>Client Name: <strong>Kemenpar</strong></p>\r\n\r\n<p>Kementerian Pariwisata (Kemenpar) melalui Pesona Indonesia sangat ambisius dalam mempromosikan pariwisata dalam negeri. Kemenpar ingin menyasar wisatawan dan masyarakat Indonesia secara umum melalui media social. Selain memperkenalkan beragam tempat wisata di Indonesia, Kemenpar juga ingin memberi edukasi kepada masyarakat tentang pariwisata dan potensi ekonomi yang bisa diraup oleh masyarakat setempat. Sebaran promosi pariwisata di media sosial Kemenpar harus terukur dengan data yang valid, bisa dipantau secara real time perkembangan angagementnya.</p>\r\n\r\n<p>Dalam meningkatkan angagement Digital Nusantara Advertising memaksimalkan akun media social resmi pesona Indonesia yakni pesona_travel untuk medium branding. Hal itu mencakup informasi destinasi wisata dalam negeri, event-event tentang pariwisata, baik yang diselenggarakan oleh Kementerian Pariwisata sendiri ataupun dilakukan oleh Dinas-dinas pariwisata di daerah.</p>\r\n\r\n<p>Kami mengolah konten-konten, foto dan video tentang pariwisata dan event-event tersebut menjadi konten kreatif yang menarik dan mudah dipahami oleh netizen ataupun masyarakat luas. Konten kreatif tersebut dipublikasikan di semua platform media sosial Pesona Indonesia yang dilengkapi dengan hastag yangrelevan dan dimungkinkan bisa menjangkau lebih banyak khalayak.</p>\r\n\r\n<p>Setelah dipublikasikan melalui media sosial, kemudian dimaksimalkan dengan menggunakan ads sehingga bisa menjangkau lebih banyak khalayak dan pengguna media sosial. Selain ads kami juga menggunakan sosial media endorsement untuk menarik perhatian netizen, dalam hal ini kami bekerja sama dengan influencer dalam pembuatan konten dan konten-konten tersebut dishare juga oleh yang bersangkutan melalui akun media sosialnya. Sehingga, followersnya maupun khalayak secara umum bisa tertarik dengan konten yang dishare tersebut.</p>\r\n\r\n<p>Sebaran konten melalui media sosial tersebut dapat dipantau secara real time melalui tools social bakers dan tools andalan kami Inteligent perception analisit (IPA). Kedua tools ini menampilkan seberapa luas jangkauan, demografi, gender, bahkan persepsi netizen terhadap konten-konten media sosial tersebut. Sehingga, secara faktual bisa dipantau dan dijadikan rujukan untuk konten-konten berikutnya. Untuk menjaga loyalitas dan menambah followers, serta meningkatkan angagement, kami membuat kuis dengan menawarkan hadiah-hadiah menarik.</p>\r\n\r\n<p>Hingga akhir project, hasil yang cukup luar biasa dapat dicapai dengan penerapan metodologi di atas. Followers berkembang pesar, angagement di media sosial Pesona Indonesia meningkat tajam dan ritchnya di luar dugaan. Itu menandakan bahwa sosialisasi pariwisatamelalui pengelolaan media sosial ini sangat efektif dan berimplikasi pada meningkatnya ketertarikan masyarakat Indonesia terhadap pariwisata dalam negeri dan berefek pada peningkatan kesejahteraan secara ekonomi.</p>', '1218PESONAINDONESIA.png', '2018-07-20 10:53:44', '2020-01-07 07:50:45', 1, 1, 1),
(16, '2', 'BPTJ', 'BPTJ', '<p>Nama Klien: <strong>BPTJ</strong></p>\r\n\r\n<p>Dengan pengelolaan media sosial dan managemen konten yang baik dan terukur, tim kami berhasil memenuhi espektasi klien, yakni maksimalnya target penjualan produk Bulog. Bahkan, aktivitas di media sosial Bulog melebihi espektasi awal.</p>\r\n\r\n<p>Lingkup pekerjaan yang kami laksanakan antara lain, Pengelolaan sosial media seperti memposting konten seputar informasi transportasi umum, kebijakan transportasi serta tips-tips berkendara. Konten disajikan dalam bentuk design yang menarik. Selain itu, kami juga menangani Media Placement, Media Handling serta Social Media Endorsement.</p>\r\n\r\n<p>Hasilnya kami mampu meningkatkan 4.000&nbsp; Followers baru di Instagram sBPTJ secara organik.</p>\r\n\r\n<p>Klienpun puas dengan kinerja yang kami sajikan. Info yang disajikan pun tepat sasaran seperti yang BPTJ harapkan.</p>', '<p>Nama Klien: <strong>BPTJ</strong></p>\r\n\r\n<p>Dengan pengelolaan media sosial dan managemen konten yang baik dan terukur, tim kami berhasil memenuhi espektasi klien, yakni maksimalnya target penjualan produk Bulog. Bahkan, aktivitas di media sosial Bulog melebihi espektasi awal.</p>\r\n\r\n<p>Lingkup pekerjaan yang kami laksanakan antara lain, Pengelolaan sosial media seperti memposting konten seputar informasi transportasi umum, kebijakan transportasi serta tips-tips berkendara. Konten disajikan dalam bentuk design yang menarik. Selain itu, kami juga menangani Media Placement, Media Handling serta Social Media Endorsement.</p>\r\n\r\n<p>Hasilnya kami mampu meningkatkan 4.000&nbsp; Followers baru di Instagram sBPTJ secara organik.</p>\r\n\r\n<p>Klienpun puas dengan kinerja yang kami sajikan. Info yang disajikan pun tepat sasaran seperti yang BPTJ harapkan.</p>', '6925logobptj.png', '2018-07-20 11:10:09', '2020-01-07 07:52:24', 1, 1, 9),
(17, '1,2', 'Indonesia Eximbank', 'Indonesia Eximbank', '<p><img alt=\"\" src=\"https://img.diginusantara.com/images/content/images/EXIM-01.jpg\" style=\"width: 875px; height: 1241px;\" />Nama Klien: <strong>Indonesia Eximbank</strong></p>\r\n\r\n<p>&nbsp;</p>\r\n\r\n<p><strong>Digitalisasi dan Upaya Menggenjot Ekspor</strong></p>\r\n\r\n<p>Goal besar yang ingin dicapai dalam project ini adalah tersajinya informasi tentang aktivitas Indonesia Eximbank secara internal dan kinerja dunia ekspor secara umum di media social. Selain itu, Indonesia Eximbank juga bias tersosialisasi melalui media online dan media cetak.</p>\r\n\r\n<p>Memastikan aktivitas di media social Indonesia Eximbank berjalan tiap harinya, dengan satu kali postingan setiap harinya di semua platform. Setiap minggunya dilakukan analisis yang kemudian dituangkan dalam laporan mingguan. Analisis tersebut mencakup performa akun; angagement dan perkembangan followers. Dari analisis itu dibuatlah semacam rekomendasi untuk konten media social ke depan.</p>\r\n\r\n<p>Sementara terkait media activity, kami membuat skema penyebaran rilis ke media online dan cetak nasional, materinya adalah aktivitas dan kinerja Indonesia Eximbank dan kinerja ekspor RI secara umum.</p>\r\n\r\n<p>Indonesia Eximbank akhirnya menjadi lembaga dalam lingkungan Kementerian Keuangan dengan predikat pengelolaan media social terbaik pada tahun 2018. Setiap program dan kinerja Indonesia Eximbank selalu tersosialisasi di media social dan melalui media activity.</p>', '<p>Nama Klien: <strong>Indonesia Eximbank</strong></p>\r\n\r\n<p>&nbsp;</p>\r\n\r\n<p><strong>Digitalisasi dan Upaya Menggenjot Ekspor</strong></p>\r\n\r\n<p>Goal besar yang ingin dicapai dalam project ini adalah tersajinya informasi tentang aktivitas Indonesia Eximbank secara internal dan kinerja dunia ekspor secara umum di media social. Selain itu, Indonesia Eximbank juga bias tersosialisasi melalui media online dan media cetak.</p>\r\n\r\n<p>Memastikan aktivitas di media social Indonesia Eximbank berjalan tiap harinya, dengan satu kali postingan setiap harinya di semua platform. Setiap minggunya dilakukan analisis yang kemudian dituangkan dalam laporan mingguan. Analisis tersebut mencakup performa akun; angagement dan perkembangan followers. Dari analisis itu dibuatlah semacam rekomendasi untuk konten media social ke depan.</p>\r\n\r\n<p>Sementara terkait media activity, kami membuat skema penyebaran rilis ke media online dan cetak nasional, materinya adalah aktivitas dan kinerja Indonesia Eximbank dan kinerja ekspor RI secara umum.</p>\r\n\r\n<p>Indonesia Eximbank akhirnya menjadi lembaga dalam lingkungan Kementerian Keuangan dengan predikat pengelolaan media social terbaik pada tahun 2018. Setiap program dan kinerja Indonesia Eximbank selalu tersosialisasi di media social dan melalui media activity.</p>', '38035aab22fa1cf4f-logo-indonesia-eximbank.png', '2019-02-08 07:53:02', '2020-06-05 10:39:07', 0, 1, 4),
(18, '2', 'Jasa Raharja', 'Jasa Raharja', '<p>Nama Klien: <strong>Jasa Raharja</strong></p>\r\n\r\n<p>Jasa Raharja memiliki visi besar yakni menjadi perusahaan terkemuka di bidang asuransi dengan mengutamakan penyelenggaraan program asuransi sosial dan asuransi wajib sejalan dengan kebutuhan masyarakat. Dengan visi itu, Jasa Raharja ingin mensosialisasikan program-programnya terkait program asuransinya tersebut melalui media sosial.</p>\r\n\r\n<p>Bukan hanya itu, Jasa Raharja juga ingin memberikan edukasi kepada masyarakat tentang asuransi sosial yang menjadi tanggung jawabnya melalui konten-konten yang akan disebarkan melalui media sosial.</p>\r\n\r\n<p>Digital Nusantara Advertensi selaku agency yang dipercaya untuk mengelola media sosial Jasa Raharja, sekaligus memproduksi konten-kontennya. Dalam memproduksi konten, kami menerapkan strategi analisis swot. Kami melakukan analisis serius terhadap komentar, pertanyaan dan kritikan dari netizen dengan menggunakan tools Inteligence Perception Analisys (IPA).</p>\r\n\r\n<p>Berdasarkan hasil analisis tersebut, kemudian konten untuk media sosial Jasa Raharja dirumuskan. Setelah itu, rumusan konten itu dituangkan dalam bentuk infografis, foto teks dan video dengan karakter yang menarik.</p>', '<p>Nama Klien: <strong>Jasa Raharja</strong></p>\r\n\r\n<p>Jasa Raharja memiliki visi besar yakni menjadi perusahaan terkemuka di bidang asuransi dengan mengutamakan penyelenggaraan program asuransi sosial dan asuransi wajib sejalan dengan kebutuhan masyarakat. Dengan visi itu, Jasa Raharja ingin mensosialisasikan program-programnya terkait program asuransinya tersebut melalui media sosial.</p>\r\n\r\n<p>Bukan hanya itu, Jasa Raharja juga ingin memberikan edukasi kepada masyarakat tentang asuransi sosial yang menjadi tanggung jawabnya melalui konten-konten yang akan disebarkan melalui media sosial.</p>\r\n\r\n<p>Digital Nusantara Advertensi selaku agency yang dipercaya untuk mengelola media sosial Jasa Raharja, sekaligus memproduksi konten-kontennya. Dalam memproduksi konten, kami menerapkan strategi analisis swot. Kami melakukan analisis serius terhadap komentar, pertanyaan dan kritikan dari netizen dengan menggunakan tools Inteligence Perception Analisys (IPA).</p>\r\n\r\n<p>Berdasarkan hasil analisis tersebut, kemudian konten untuk media sosial Jasa Raharja dirumuskan. Setelah itu, rumusan konten itu dituangkan dalam bentuk infografis, foto teks dan video dengan karakter yang menarik.</p>', '1957jasaraharja-3.png', '2019-02-08 08:03:39', '2020-01-07 07:55:23', 0, 1, 1),
(19, '1,2,3,5', 'Campaign for Tobacco-Free Kids', 'Campaign for Tobacco-Free Kids', '<p>Nama Klien:&nbsp;<em>Campaign for Tobacco-Free Kids</em></p>\r\n\r\n<p>Nama Kampanye: Generasi Anti Rokok</p>\r\n\r\n<p>Daftar Kampanye:</p>\r\n\r\n<ul>\r\n	<li>Pengelolaan Media Sosial</li>\r\n	<li><em>Media Monitoring</em></li>\r\n	<li><em>Trending Topic Indonesia</em></li>\r\n	<li>Pemasangan Iklan di Media</li>\r\n	<li>Pengelolaan Iklan di Media Sosial</li>\r\n	<li><em>Key Opinion Leader Endorsement&nbsp;</em></li>\r\n	<li>Pengadaan Diskusi Kelompok Terarah</li>\r\n</ul>', '<p>Client Name:&nbsp;Campaign for Tobacco-Free Kids</p>\r\n\r\n<p>Campaign Name: <em>Generasi Anti Rokok</em></p>\r\n\r\n<p>Service List:</p>\r\n\r\n<ul>\r\n	<li>Social Media Management</li>\r\n	<li>Media Monitoring</li>\r\n	<li>Trending Topic Indonesia</li>\r\n	<li>Media Placement</li>\r\n	<li>Social Media Ads Management</li>\r\n	<li>Key Opinion Leader Endorsement&nbsp;</li>\r\n	<li>Focus Group Discussion</li>\r\n</ul>', '6206a00d8341bfbc053ef015437a16746970c.jpg', '2019-02-08 08:15:49', '2020-01-09 05:34:56', 0, 0, 15),
(20, '1,2', 'Kementerian Pertanian Republik Indonesia', 'Ministry of Agriculture (Indonesia)', '<p>Nama Klien:&nbsp;Kementerian Pertanian Republik Indonesia</p>\r\n\r\n<p>Daftar Kampanye:</p>\r\n\r\n<ul>\r\n	<li>Pengelolaan&nbsp;Media Sosial</li>\r\n	<li>Produksi Konten</li>\r\n	<li><em>Trending Topic Indonesia</em></li>\r\n	<li><em>Web Series</em></li>\r\n	<li><em>Agenda Setting</em></li>\r\n	<li><em>Key Opinion Leader Management</em></li>\r\n</ul>', '<p>Client Name:&nbsp;Ministry of Agriculture (Indonesia)</p>\r\n\r\n<p>Service List:</p>\r\n\r\n<ul>\r\n	<li>Social Media Management</li>\r\n	<li>Content Production</li>\r\n	<li>Trending Topic Indonesia</li>\r\n	<li>Web Series</li>\r\n	<li>Agenda Setting</li>\r\n	<li>Key Opinion Leader Management</li>\r\n</ul>', '1134logo-16.png', '2019-02-08 09:19:50', '2019-12-27 07:40:17', 1, 1, 2),
(21, '6', 'We The Youth', 'We The Youth', '<p><strong>Nama Klien</strong> :<em> We The Youth (http://www.wetheyouth.id)</em></p>\r\n\r\n<p><strong>Daftar Pelayanan :</strong></p>\r\n\r\n<ul>\r\n	<li><strong>Pengelolaan Website</strong> dengan slogan &quot;Gerakan yang mendorong orang muda untuk menjadi generasi peduli, berinisiatif, dan pelaku perubahan di berbagai aspek kehidupan&quot;</li>\r\n</ul>\r\n\r\n<p>&nbsp;</p>\r\n\r\n<p><strong>Tampilan :&nbsp;</strong></p>\r\n\r\n<p><strong><img alt=\"wetheyouth-home\" src=\"https://img.diginusantara.com/images/_campaign-upload/wetheyouth-home.png\" style=\"width: 100%;\" /></strong></p>', '<p><strong>Client Name</strong> : We The Youth&nbsp;<em>(http://www.wetheyouth.id)</em></p>\r\n\r\n<p><strong>Service List:</strong></p>\r\n\r\n<ul>\r\n	<li><strong>Website Management</strong> with slogan &quot;Gerakan yang mendorong orang muda untuk menjadi generasi peduli, berinisiatif, dan pelaku perubahan di berbagai aspek kehidupan&quot;</li>\r\n</ul>\r\n\r\n<p>&nbsp;</p>\r\n\r\n<p><strong>Preview :</strong></p>\r\n\r\n<p><img alt=\"wetheyouth-home\" src=\"https://img.diginusantara.com/images/_campaign-upload/wetheyouth-home.png\" style=\"width: 100%;\" /></p>', '3516logo-17.png', '2019-02-08 09:22:40', '2019-12-27 07:10:44', 0, 1, 16),
(22, '2', 'Perempuan Tangguh Pilih Jokowi (Pertiwi)', 'Perempuan Tangguh Pilih Jokowi (Pertiwi)', '<ul>\r\n	<li>Manajemen Konten</li>\r\n</ul>', '<ul>\r\n	<li>Content Management</li>\r\n</ul>', '2195ScreenShot2019-02-08at16.43.52.png', '2019-02-08 09:44:35', '2020-01-07 07:56:22', 0, 0, 22),
(23, '2,3', 'Badan Usaha Logistik (Bulog)', 'Badan Usaha Logistik (Bulog)', '<p>Nama Klien: <strong>Badan Usaha Logistik (Bulog)</strong></p>\r\n\r\n<p>Espektasi project ini sangat tinggi, yakni memaksimalkan target penjualan Bulog dengan memaksimalkan sosialisasi dan iklan di media sosial.</p>\r\n\r\n<p>Untuk mencapai target ini, lingkup kerja yang kami jalankan adalah pengelolaan media sosial, managemen konten, dan managemen isu terkait Bulog.</p>\r\n\r\n<p>Dengan pengelolaan media sosial dan managemen konten yang baik dan terukur, tim kami berhasil memenuhi espektasi klien, yakni maksimalnya target penjualan produk Bulog. Bahkan, aktivitas di media social Bulog melebihi espektasi awal.</p>', '<p>Nama Klien: <strong>Badan Usaha Logistik (Bulog)</strong></p>\r\n\r\n<p>Dengan pengelolaan media sosial dan managemen konten yang baik dan terukur, tim kami berhasil memenuhi espektasi klien, yakni maksimalnya target penjualan produk Bulog. Bahkan, aktivitas di media sosial Bulog melebihi espektasi awal.</p>\r\n\r\n<p>Lingkup pekerjaan yang kami laksanakan antara lain, Pengelolaan sosial media seperti memposting konten seputar informasi transportasi umum, kebijakan transportasi serta tips-tips berkendara. Konten disajikan dalam bentuk design yang menarik. Selain itu, kami juga menangani Media Placement, Media Handling serta Social Media Endorsement.</p>\r\n\r\n<p>Hasilnya kami mampu meningkatkan 4.000&nbsp; Followers baru di Instagram sBPTJ secara organik.</p>\r\n\r\n<p>Klienpun puas dengan kinerja yang kami sajikan. Info yang disajikan pun tepat sasaran seperti yang BPTJ harapkan.</p>', '4512logo.jpg', '2019-02-08 09:47:35', '2020-01-07 07:57:13', 0, 1, 6),
(24, '2,5', 'Bawaslu', 'Bawaslu', '<p>Nama Klien : <strong>Bawaslu RI</strong></p>\r\n\r\n<p>&nbsp;</p>\r\n\r\n<p><strong>Ujung Tombak Pengawasan Pemilu di Indonesia</strong></p>\r\n\r\n<p>Badan Pengawas Pemilu Republik Indonesia (Bawaslu RI) memiliki masalah inkonsistensi dalam karakteristik tampilan konten visual di media sosial. Selain itu, Bawaslu RI juga membutuhkan tenaga ahli dalam hal analisis aktivitas media sosialnya untuk memetakkan konten yang baik sekaligus dapat menjawab segala pertanyaan dan kritikan Netizen. Dalam project ini juga, Bawaslu RI ingin menjadi lembaga yang terdepan dan transparan dalam proses penyelenggaraan Pemilu 2019 melalui media sosial.&nbsp;</p>\r\n\r\n<p>Digital Nusantara selaku agency yang dipercaya untuk menangani project Bawaslu RI memberikan service yang terbagi dalam dua lingkup pekerjaan, yakni; content managemen dan social media management. Dalam content management, kami menerapkan strategi analisis swot. Kami melakukan analisis serius terhadap komentar, pertanyaan dan kritikan dari netizen dengan menggunakan tools Inteligence Perception Analisys (IPA).</p>\r\n\r\n<p>Berdasarkan hasil analisis tersebut, barulah kemudian konten untuk media sosial Bawaslu dirumuskan. Setelah itu, rumusan konten itu dituangkan dalam bentuk infografis, foto teks dan video dengan karakter yang konsisten dan menarik. Untuk meningkatkan angagement, kami menggunakan ads untuk facebook dan instagram, dan juga digital activity dalam bentuk kuis.</p>\r\n\r\n<p>Media sosial Bawaslu RI menjadi salah satu media instansi penyelenggara pemilu yang paling aktif dan informatif dalam proses Pemilu Serentak 2019. Konten media yang diproduksi oleh Bawaslu RI menjadi rujukan oleh Bawaslu Provinsi dan Kabupaten di seluruh Indonesia, bahkan oleh lembaga-lebaga lainnya.&nbsp; Buktinya, setiap postingan Bawaslu RI selalu di repost atau dishare oleh lembaga-lembaga tersebut.</p>\r\n\r\n<p>Selain itu, pengemasan konten dalam bentuk infografis, foto teks dan video sangat diapresiasi oleh klien karena konsistensi karakter dalam design. Strategi ads yang diterapkan dalam media sosial Bawaslu RI juga membawa dampak yang cukup signifikan dalam meningkatkan followers. Hingga pada akhir project, followers instagram Bawaslu RI dalam tiga bulan meningkat sebanyak 28.904 followers baru, Facebook meningkat 18.663 followers baru dan followers Twitter Bawaslu bertambah sebanyak 27.912 followers baru.&nbsp;</p>', '<p>Nama Klien : <strong>Bawaslu RI</strong></p>\r\n\r\n<p><strong>Ujung Tombak Pengawasan Pemilu di Indonesia</strong></p>\r\n\r\n<p>Badan Pengawas Pemilu Republik Indonesia (Bawaslu RI) memiliki masalah inkonsistensi dalam karakteristik tampilan konten visual di media sosial. Selain itu, Bawaslu RI juga membutuhkan tenaga ahli dalam hal analisis aktivitas media sosialnya untuk memetakkan konten yang baik sekaligus dapat menjawab segala pertanyaan dan kritikan Netizen. Dalam project ini juga, Bawaslu RI ingin menjadi lembaga yang terdepan dan transparan dalam proses penyelenggaraan Pemilu 2019 melalui media sosial.&nbsp;</p>\r\n\r\n<p>Digital Nusantara selaku agency yang dipercaya untuk menangani project Bawaslu RI memberikan service yang terbagi dalam dua lingkup pekerjaan, yakni; content managemen dan social media management. Dalam content management, kami menerapkan strategi analisis swot. Kami melakukan analisis serius terhadap komentar, pertanyaan dan kritikan dari netizen dengan menggunakan tools Inteligence Perception Analisys (IPA).</p>\r\n\r\n<p>Berdasarkan hasil analisis tersebut, barulah kemudian konten untuk media sosial Bawaslu dirumuskan. Setelah itu, rumusan konten itu dituangkan dalam bentuk infografis, foto teks dan video dengan karakter yang konsisten dan menarik. Untuk meningkatkan angagement, kami menggunakan ads untuk facebook dan instagram, dan juga digital activity dalam bentuk kuis.</p>\r\n\r\n<p>Media sosial Bawaslu RI menjadi salah satu media instansi penyelenggara pemilu yang paling aktif dan informatif dalam proses Pemilu Serentak 2019. Konten media yang diproduksi oleh Bawaslu RI menjadi rujukan oleh Bawaslu Provinsi dan Kabupaten di seluruh Indonesia, bahkan oleh lembaga-lebaga lainnya.&nbsp; Buktinya, setiap postingan Bawaslu RI selalu di repost atau dishare oleh lembaga-lembaga tersebut.</p>\r\n\r\n<p>Selain itu, pengemasan konten dalam bentuk infografis, foto teks dan video sangat diapresiasi oleh klien karena konsistensi karakter dalam design. Strategi ads yang diterapkan dalam media sosial Bawaslu RI juga membawa dampak yang cukup signifikan dalam meningkatkan followers. Hingga pada akhir project, followers instagram Bawaslu RI dalam tiga bulan meningkat sebanyak 28.904 followers baru, Facebook meningkat 18.663 followers baru dan followers Twitter Bawaslu bertambah sebanyak 27.912 followers baru.&nbsp;</p>', '7262LogoBawaslu.png', '2019-04-05 06:22:07', '2020-01-07 07:57:34', 0, 1, 6),
(25, '1', 'Kemendes PDT Direktorat Pembangunan Daerah Tertinggal', 'Kemendes PDT Direktorat Pembangunan Daerah Tertinggal', '<p>Nama Klien : <strong>Kemendes PDT Direktorat Pembangunan Daerah Tertinggal</strong><br />\r\nService :</p>\r\n\r\n<ul>\r\n	<li>Release Management</li>\r\n	<li>Media Handling</li>\r\n</ul>', '<p>Client Name : <strong>Kemendes PDT Direktorat Pembangunan Daerah Tertinggal</strong><br />\r\nService :</p>\r\n\r\n<ul>\r\n	<li>Release Management</li>\r\n	<li>Media Handling</li>\r\n</ul>', '8406KemendesLogo-2.png', '2019-04-05 06:24:29', '2020-01-13 08:27:27', 0, 1, 7),
(26, '2', 'Perumnas', 'Perumnas', '<p>Nama Klien : Perumnas<br />\r\nService :</p>\r\n\r\n<ul>\r\n	<li>Social Media Management</li>\r\n	<li>Content Management</li>\r\n</ul>', '<p>Client Name : Perumnas<br />\r\nService :</p>\r\n\r\n<ul>\r\n	<li>Social Media Management</li>\r\n	<li>Content Management</li>\r\n</ul>', '8994logobaruperumnas-3.png', '2019-04-05 06:31:10', '2020-01-07 07:58:33', 0, 1, 3),
(27, '2', 'Kementerian Pemberdayaan Perempuan dan Perlindungan Anak Republik Indonesia', 'Kementerian Pemberdayaan Perempuan dan Perlindungan Anak Republik Indonesia', '<p>Kementerian Pemberdayaan Perempuan dan Perlindungan Anak Republik Indonesia</p>', '<p>Kementerian Pemberdayaan Perempuan dan Perlindungan Anak Republik Indonesia</p>', '5153logokpppa.png', '2019-06-24 06:49:25', '2020-01-07 07:58:49', 0, 1, 24),
(28, '2', 'Kementerian Koordinator Bidang Pembangunan Manusia dan Kebudayaan Republik Indonesia', 'Coordinating Ministry for Human Development and Culture of the Republic of Indonesia', '<h1 id=\"firstHeading\" lang=\"id\">Kementerian Koordinator Bidang Pembangunan Manusia dan Kebudayaan Republik Indonesia</h1>', '<p>Coordinating Ministry for Human Development and Culture of the Republic of Indonesia</p>', '2629LogooftheCoordinatingMinistryforHumanDevelopmentandCultureoftheRepublicofIndonesia.png', '2019-06-24 06:52:11', '2020-01-07 07:59:08', 0, 1, 25),
(29, '', 'Direktorat Jenderal Administrasi Hukum Umum', 'Direktorat Jenderal Administrasi Hukum Umum', '<p>Direktorat Jenderal Administrasi Hukum Umum</p>', '<p>Direktorat Jenderal Administrasi Hukum Umum</p>', '6367AHU-logo.png', '2019-06-24 06:55:11', '2019-06-24 06:55:11', 0, 1, 26),
(30, '1', 'Cargill', 'Cargill', '<p>Cargill</p>', '<p>Cargill</p>', '9546Cargill-logo.png', '2019-06-24 07:00:10', '2020-01-07 07:59:23', 0, 1, 28),
(31, '2,3', 'Wonderful Lake Toba', 'Wonderful Lake Toba', '<p>Wonderful Lake Toba</p>', '<p>Wonderful Lake Toba</p>', '8733logotoba.png', '2019-06-24 07:12:06', '2020-01-07 07:59:38', 0, 1, 27),
(32, '6', 'Pokja 8 – P8', 'Pokja 8 – P8', '<p>Nama Klien:<em> Pokja 8 - P8&nbsp;(http://www.pokja8.id)</em></p>\r\n\r\n<p><strong>Daftar Pelayanan:</strong></p>\r\n\r\n<ul>\r\n	<li>Pengelolaan Website Dinamis dengan slogan &quot;Bekerja membantu para pemangku kepentingan di bidang reformasi sektor keamanan dan transformasi pertahanan&quot;</li>\r\n	<li>Halaman Webstie yang ramah SEO</li>\r\n	<li>Terdapat juga CMS (Content management System)</li>\r\n</ul>\r\n\r\n<p><strong>Tampilan</strong></p>\r\n\r\n<p><strong><img alt=\"pokja8-home\" src=\"https://img.diginusantara.com/images/_campaign-upload/pokja8-home.png\" style=\"width: 100%;\" /></strong></p>', '<p>Client Name: <em>Pokja 8 - P8</em>&nbsp;<em>(http://www.pokja8.id)</em></p>\r\n\r\n<p><strong>Service List:</strong></p>\r\n\r\n<ul>\r\n	<li>Website Management&nbsp;Dynamis with slogan &quot;Bekerja membantu para pemangku kepentingan di bidang reformasi sektor keamanan dan transformasi pertahanan&quot;</li>\r\n	<li>SEO Page Friendly</li>\r\n	<li>With CMS(Content Management System) and User Previllage</li>\r\n</ul>\r\n\r\n<p>&nbsp;</p>\r\n\r\n<p><strong>Preview</strong></p>\r\n\r\n<p><strong><img alt=\"pokja8-home\" src=\"https://img.diginusantara.com/images/_campaign-upload/pokja8-home.png\" style=\"width: 100%;\" /></strong></p>', '2933pokja-logo-.png', '2019-08-16 09:52:19', '2019-12-27 07:21:56', 0, 1, 12),
(33, '2,5', 'Vivo Smartphone', 'Vivo Smartphone', '<p>Online Reputation Management</p>', '<p>Online Reputation Management</p>', '6288vivo.png', '2020-01-07 08:06:18', '2020-01-07 08:13:17', 0, 1, 35);
INSERT INTO `tb_client` (`client_id`, `service_id`, `name`, `name_en`, `description`, `description_en`, `image`, `date_create`, `date_update`, `top`, `status`, `short`) VALUES
(34, '2,4,6,7', 'Alinea.ID', 'Alinea.ID', '<p>Nama Klien:&nbsp;<strong>alinea.id</strong></p>\r\n\r\n<p>Website:&nbsp;<strong><a href=\"https://www.alinea.id/\">https://www.alinea.id/</a>&nbsp;</strong></p>\r\n\r\n<p>Pekerjaan:&nbsp;</p>\r\n\r\n<ul>\r\n	<li>Website &amp; Mobile Development</li>\r\n	<li>Mainten Web Server</li>\r\n	<li>SEO</li>\r\n</ul>\r\n\r\n<p>Alinea adalah situs berita digital, untuk pengguna internet cerdas. Kami memberi konteks kepada berita dan informasi melalui format kreatif dan mudah diakses pengguna melalui perangkat yang selalu mereka bawa: ponsel dan tablet.</p>\r\n\r\n<p>Alinea tampil dengan mengusung semangat zaman ketika ia dilahirkan: transformasi digital dan media sosial yang sudah jadi bagian hidup miliaran orang sehari-hari.</p>\r\n\r\n<p>Liputan kami mencakup tiga hal esensial yang penting bagi semua orang, yaitu fakta, data, dan kata. Kami meyakini, pertalian ketiga hal tersebut akan menghasilkan wawasan yang berharga bagi semua pembaca, dan juga penting saat mereka mengambil keputusan.</p>\r\n\r\n<p>Pendiri Alinea terdiri-dari anak-anak muda yang pernah bekerja di media berstandar tinggi. Kami juga memiliki jaringan kontributor dan koresponden yang tersebar dari Timur sampai Barat Indonesia.</p>\r\n\r\n<p>Kami sadar, perkembangan teknologi akan menentukan masa depan situs berita digital. Karena itu, jurnalis dan engineer kami duduk di ruang redaksi yang sama untuk saling bahu membahu bereksperimen mengenai hal-hal baru. Engineer juga menyatu dengan redaksi untuk mengembangkan, mengolah, dan menyajikan konten yang kami sarikan dari Big Data dan Artificial Intelligence.</p>\r\n\r\n<p>Kami selalu terbuka terhadap gagasan dan hal baru. Anda bisa menghubungi kami melalui email, Twitter, dan Facebook.</p>', '<p>Client Name:&nbsp;<strong>alinea.id&nbsp;</strong></p>\r\n\r\n<p>Website:&nbsp;<strong><a href=\"https://www.alinea.id/\">https://www.alinea.id/</a></strong></p>\r\n\r\n<p>Works:&nbsp;</p>\r\n\r\n<ul>\r\n	<li><strong>Website &amp; Mobile Development</strong></li>\r\n	<li><strong>Maintenance Web Server</strong></li>\r\n	<li><strong>SEO</strong></li>\r\n</ul>\r\n\r\n<p>&nbsp;</p>\r\n\r\n<p>Alinea is a digital news site, for smart internet users. We provide context to news and information through creative formats and are easily accessible to users through the devices they always carry: cellphones and tablets.</p>\r\n\r\n<p>Paragraph appears with the spirit of the era when he was born: digital transformation and social media that have become part of the lives of billions of people everyday.</p>\r\n\r\n<p>Our coverage covers three essential things that are important to everyone, namely facts, data and words. We believe that these three links will produce valuable insights for all readers, and are also important when making decisions.</p>\r\n\r\n<p>The founder of Alinea consists of young people who have worked in high standard media. We also have a network of contributors and correspondents spread from East to West Indonesia.</p>\r\n\r\n<p>We are aware that technological developments will determine the future of digital news sites. Therefore, our journalists and engineers sit in the same newsroom to work together to experiment with new things. Engineers also unite with editors to develop, process and present content that we extract from Big Data and Artificial Intelligence.</p>\r\n\r\n<p>We are always open to new ideas and things. You can contact us via email, Twitter and Facebook.</p>', '748alineasosmed1.png', '2020-01-13 07:43:22', '2020-01-31 09:54:34', 0, 1, 20),
(35, '2,4,6,7', 'Tek.ID', 'Tek.ID', '<p>Nama Klien: <strong>Tek.ID</strong></p>\r\n\r\n<p>Website:&nbsp;<strong><a href=\"https://www.tek.id/\">https://www.tek.id/</a></strong></p>\r\n\r\n<p>Pekerjaan:&nbsp;</p>\r\n\r\n<ul>\r\n	<li><strong>Website &amp; Mobile Development</strong></li>\r\n	<li><strong>Maintenance Web Server</strong></li>\r\n	<li><strong>SEO</strong></li>\r\n</ul>\r\n\r\n<p>Tek.id adalah portal berita teknologi. Kami membahas consumer tech, gaya hidup digital, inovasi, terobosan sains, masa depan, dan analisis bermakna bagi pembaca.</p>\r\n\r\n<p>Tim editorial Tek.id berasal dari latar belakang yang beragam. Kami menerapkan jurnalisme sudut pandang orang pertama untuk konten review. Dengan demikian, jurnalis bisa memberikan pandangan berbeda atas fakta yang sama, sesuai kepribadian mereka, dan pembaca bisa membuat kesimpulan sendiri.</p>', '<p>Client Name: <strong>Tek.ID</strong></p>\r\n\r\n<p>Website:&nbsp;<strong><a href=\"https://www.tek.id/\">https://www.tek.id/</a></strong></p>\r\n\r\n<p>Works:&nbsp;</p>\r\n\r\n<ul>\r\n	<li><strong>Website &amp; Mobile Development</strong></li>\r\n	<li><strong>Maintenance Web Server</strong></li>\r\n	<li><strong>SEO</strong></li>\r\n</ul>\r\n\r\n<p>Tek.id is a technology news portal. We discuss consumer tech, digital lifestyle, innovation, scientific breakthroughs, the future, and meaningful analysis for readers.</p>\r\n\r\n<p>The Tek.id editorial team comes from diverse backgrounds. We apply journalism from a first-person perspective to review content. Thus, journalists can give different views on the same facts, according to their personalities, and readers can make their own conclusions.</p>', '4280teklogo.png', '2020-01-13 07:56:55', '2020-01-13 10:05:15', 0, 1, 21),
(36, '6,7', 'Posjateng.ID', 'Posjateng.ID', '<p>Nama Klien: <strong>Posjateng.ID</strong></p>\r\n\r\n<p>Website:&nbsp;<strong><a href=\"https://www.posjateng.id/\">https://www.posjateng.id/</a></strong></p>\r\n\r\n<p>Posjateng.id adalah portal berita gayeng. Sejalan dengan jargon Jawa Tengah yang penuh semangat, berani, tangguh, jujur, ramah, menggembirakan, harmonis, dan hangat.</p>\r\n\r\n<p>Kami berharap bisa menjadi jawaban dari berseliwerannya berita bohong (hoax), informasi yang sepenggal-sepenggal, maupun kabar tanpa konfirmasi namun sudah dianggap sebagai kebenaran. Terutama di wilayah kami, Jawa Tengah dan Daerah Istimewa Yogyakarta.</p>\r\n\r\n<p>Didominasi anak-anak muda yang berpengalaman di dunia jurnalistik, Posjateng.id tak sekadar meramaikan industri media tapi kami membawa kebaruan.</p>\r\n\r\n<p>Bukan hanya memberitakan isu-isu nasional, kami juga konsern dengan peristiwa di sekitar kita yang disampaikan secara faktual, tajam, dan kontekstual. Sisi lain yang sering kali dilupakan wartawan juga menjadi fokus kami.</p>\r\n\r\n<p>Berita kami mencakup tiga hal esensial yaitu fakta, data, dan kata. Kami berharap pertalian ketiganya akan menghasilkan wawasan berharga bagi semua pembaca.</p>', '<p>Client Name: <strong>Posjateng.ID</strong></p>\r\n\r\n<p>Website:&nbsp;<strong><a href=\"https://www.posjateng.id/\">https://www.posjateng.id/</a></strong></p>\r\n\r\n<p>Posjateng.id is a gay news portal. In line with Central Java jargon which is full of enthusiasm, brave, tough, honest, friendly, uplifting, harmonious, and warm.</p>\r\n\r\n<p>We hope to be an answer to the hoaxing of hoaxes, piece of information, and news without confirmation but which are considered as truth. Especially in our region, Central Java and Yogyakarta Special Region.</p>\r\n\r\n<p>Dominated by young people who are experienced in the world of journalism, Posjateng.id not only enlivens the media industry but we bring novelty.</p>\r\n\r\n<p>Not only reporting on national issues, we are also concerned about the events around us that are conveyed factually, sharply, and contextually. The other side that journalists often forget is also our focus.</p>\r\n\r\n<p>Our news covers three essential things namely facts, data and words. We hope that these three links will produce valuable insights for all readers.</p>', '3996posjateng.png', '2020-01-13 09:41:12', '2020-09-18 04:19:05', 0, 1, 22),
(37, '6,7', 'Jatimpos.ID', 'Jatimpos.ID', '<p>Nama Klien: <strong>Jatimpos.ID</strong></p>\r\n\r\n<p>Website:&nbsp;<strong><a href=\"https://www.jatimpos.id/\">https://www.jatimpos.id/</a></strong></p>\r\n\r\n<p>Cita-cita membangun Indonesia dari pinggiran hanya utopis bila saluran informasi sekadar masif di Ibu kota. Publik butuh banyak lubang informasi baru yang bernas, akurat dan terpercaya. Hal inilah salah satu yang melatari lahirnya Jatimpos.id.</p>\r\n\r\n<p>Hadir di tengah limpahan informasi lokal maupun nasional, Jatimpos.id diharapkan menjadi bagian dari pilar demokrasi, sebagai alat kontrol kebijakan pemerintah daerah dan perilaku publik, sekaligus menjadi sarana pemberdayaan masyarakat, khususnya di Jawa Timur.</p>\r\n\r\n<p>Tak mudah bagi kami berdiri kokoh di tengah derasnya arus informasi, serta meredupnya batas fakta dan hoaks yang justru mendorong apatisme publik terhadap karya jurnalistik. Karena itulah, kami berpegang pada dua prinsip penting yakni: Faktual dan Imparsial.</p>\r\n\r\n<p>Faktual sebagai upaya mencari kebenaran dengan berpijak pada kelengkapan, keakuratan, dan kecermatan dan Imparsial, mengacu pada laku jurnalistik yang menjunjung tinggi nilai keseimbangan (balance, non-partisanship, neutral).</p>\r\n\r\n<p>Dengan dua prinsip itu, Jatimpos.id berharap bisa berlayar mengarungi dinamika sosial, budaya, ekonomi, dan politik untuk memberikan yang terbaik untuk publik Jawa Timur.</p>', '<p>Client Name: <strong>Jatimpos.ID</strong></p>\r\n\r\n<p>Website:&nbsp;<strong><a href=\"https://www.jatimpos.id/\">https://www.jatimpos.id/</a></strong></p>\r\n\r\n<p>The goal of building Indonesia from the periphery is only utopian if the information channel is merely massive in the capital. The public needs many new holes of information that are pithy, accurate and reliable. This is one of the reasons for the birth of Jatimpos.id.</p>\r\n\r\n<p>Present in the midst of an abundance of local and national information, Jatimpos.id is expected to be part of the pillars of democracy, as a means of controlling local government policies and public behavior, as well as a means of community empowerment, especially in East Java.</p>\r\n\r\n<p>It is not easy for us to stand firm amid the swift flow of information, as well as the dimming of the boundaries of facts and hoaxes which actually encourages public apathy towards journalistic work. For this reason, we stick to two important principles, namely: Factual and Impartial.</p>\r\n\r\n<p>Factual as an effort to find the truth by standing on completeness, accuracy, and accuracy and Imparsial, refers to journalistic behavior that upholds the value of balance (balance, non-partisanship, neutral).</p>\r\n\r\n<p>With these two principles, Jatimpos.id hopes to sail across the social, cultural, economic, and political dynamics to provide the best for the public of East Java.</p>', '1284jatimpos.png', '2020-01-13 09:44:19', '2020-01-13 09:44:19', 0, 1, 23),
(38, '6,7', 'Jurnaljabar.ID', 'Jurnaljabar.ID', '<p>Nama Klien: <strong>Jurnaljabar.ID</strong></p>\r\n\r\n<p>Website:<strong>&nbsp;<a href=\"https://www.jurnaljabar.id/\">https://www.jurnaljabar.id/</a></strong></p>\r\n\r\n<p>Jawa Barat begitu istimewa bagi kami. Bukan hanya sebagai provinsi terbesar di Tanah Air, tetapi rumah bagi keluhungan nilai spiritual, kearifan lokal dan budaya. Meski Jawa Barat juga bukan tanpa cela. Wilayah ini disebut menempati urutan tertinggi penyebaran hoax di Indonesia.</p>\r\n\r\n<p>Berlatar itulah kami melahirkan Jurnaljabar.id. Media khas Jawa Barat yang diharapkan menjadi jawaban dari semakin tipisnya sekat antara fakta dan fiksi, serta kian sulitnya membedakan mana informasi dan mana imajinasi.</p>\r\n\r\n<p>Jurnaljabar.id akan berupaya mengedepankan akurasi dan verifikasi dalam setiap berita yang diproduksi, di samping tentu saja menjunjung tinggi kode etik dan mengamalkan rumus-rumus dasar jurnalistik.</p>\r\n\r\n<p>Kami juga mengutamakan keamanan (security) atas dampak yang ditimbulkan dari berita-berita yang kami tayangkaan, serta kebenaran (true) dari berita-berita yang kami sajikan.</p>\r\n\r\n<p>Visi kami, menjadi media andal dan mata rantai industri media digital di Jawa Barat. Kami optimistis dapat memberi warna dan menjadi salah satu pilihan terbaik bagi pembaca dan stakeholder, khususnya di Bumi Pasundan.</p>\r\n\r\n<p>Dukungan pembaca dan stakeholder berupa kesempatan, kerja sama, kritik, dan saran menjadi bagian penting untuk berkembang dan mewujudkan visi kami dan Jurnaljabar.id bisa menjadi saluran informasi akurat, berimbang, kontekstual dan terpercaya.</p>', '<p>Client Name: <strong>Jurnaljabar.ID</strong></p>\r\n\r\n<p>Website:<strong>&nbsp;<a href=\"https://www.jurnaljabar.id/\">https://www.jurnaljabar.id/</a></strong></p>\r\n\r\n<p>West Java is so special to us. Not only as the largest province in the country, but home to the spiritual values, local wisdom and culture. Although West Java is also not flawless. This region is said to occupy the highest rank of hoax distribution in Indonesia.</p>\r\n\r\n<p>It was against this background that we gave birth to Jurnaljabar.id. West Java&#39;s distinctive media is expected to be the answer to the increasingly thin barrier between fact and fiction, and the more difficult it is to distinguish between information and imagination.</p>\r\n\r\n<p>Jurnaljabar.id will strive to prioritize accuracy and verification in every news produced, in addition to of course upholding the code of ethics and applying basic journalistic formulas.</p>\r\n\r\n<p>We also prioritize security (security) for the impact caused by the news that we report, as well as the truth (true) of the news that we present.</p>\r\n\r\n<p>Our vision is to become a reliable media and digital media industry chain in West Java. We are optimistic that we can give color and become one of the best choices for readers and stakeholders, especially in Pasundan Earth.</p>\r\n\r\n<p>The support of readers and stakeholders in the form of opportunities, cooperation, criticism, and suggestions becomes an important part of developing and realizing our vision and Jurnaljabar.id can be an accurate, balanced, contextual and trusted information channel.</p>', '1704jurnaljabar.png', '2020-01-13 09:54:56', '2020-01-13 09:54:56', 0, 1, 24),
(39, '6', 'Mahata Serpong', 'Mahata Serpong', '<p>Nama Klien : <strong>Mahata Serpong (https://www.mahataserpong.id)</strong><br />\r\nNama Proyek : <strong>Website produk Apartemen Mahata Serpong</strong></p>\r\n\r\n<p>Mahata Serpong adalah sebuah apartemen&nbsp;di daerah Serpong.</p>\r\n\r\n<p>Mahata Serpong sudah membuat lebih dari satu apartemen di indonesia salah satunya Tanjung barat Jakarta Timur, dengan desain kamar yang elegan, fasilitas yang cukup memadai dan terintegrasi dengan sarana transportasi umum KRL menjadikan Apartemen ini terasa nyaman</p>\r\n\r\n<p>Digital Nusantara Advertising dipercaya untuk membuat website penjualan produk mereka mahataserpong.id. Website ini menampilkan produk-produk tipe kamar berserta tataletaknya, sehingga Anda bisa dengan mudah memilih produk mana yang cocok untuk tempat tinggal atau bisnis anda.</p>\r\n\r\n<p><strong>Tampilan</strong> :</p>\r\n\r\n<p><img alt=\"Mahata Serpong\" src=\"https://img.diginusantara.com/images/content/images/mahata-serpong-wp.jpg\" style=\"width: 100%;\" /></p>', '<p>Client Name: <strong>Mahata Serpong (https://www.mahataserpong.id)</strong><br />\r\nProject Name: <strong>Mahata Serpong Apartments product website</strong></p>\r\n\r\n<p>Mahata Serpong is an apartment in the Serpong area.</p>\r\n\r\n<p>Mahata Serpong has made more than one apartment in Indonesia, one of which is Tanjung Barat, East Jakarta, with an elegant room design, adequate facilities and integrated with KRL public transportation facilities, making this apartment feel comfortable</p>\r\n\r\n<p>Digital Nusantara Advertising is trusted to make their product sales website mahataserpong.id. This website displays room type products and their layout, so you can easily choose which products are suitable for your residence or business.</p>\r\n\r\n<p><strong>Appearance&nbsp;</strong>:</p>\r\n\r\n<p><img alt=\"Mahata Serpong\" src=\"https://img.diginusantara.com/images/content/images/mahata-serpong-wp.jpg\" style=\"width: 100%;\" /></p>', '6690mahata-serpong.png', '2020-02-04 06:03:04', '2020-02-04 06:11:32', 0, 1, 24),
(40, '2', 'Tanaka Speaker', 'Tanaka Speaker', '<p>Tanaka Speaker</p>', '<p>Tanaka Speaker</p>', '5301logoTanaka.png', '2020-09-18 03:12:15', '2020-09-18 03:12:15', 0, 1, 41),
(41, '', 'British American Tobacco', 'British American Tobacco', '<p>British American Tobacco.</p>', '<p>British American Tobacco.</p>', '3344download1.png', '2020-09-18 04:17:30', '2020-10-21 03:09:17', 0, 0, 40),
(42, '2', 'BNI', 'BNI', '<p>BNI</p>', '<p>BNI</p>', '1884logobni.png', '2020-09-18 04:31:42', '2020-09-18 04:31:42', 0, 1, 45),
(43, '1', 'Gesuri.id', 'Gesuri.id', '<p>Gesuri.id</p>', '<p>Gesuri.id</p>', '3250Gesuri.jpg', '2020-09-18 04:33:28', '2020-09-18 04:47:05', 0, 1, 43),
(44, '2', 'BNI Syariah', 'BNI Syariah', '<p>BNI Syariah</p>', '<p>BNI Syariah</p>', '368logobnisyariah.png', '2020-09-18 04:33:44', '2020-09-18 04:33:44', 0, 1, 46),
(45, '2', 'Mandiri Taspen', 'Mandiri Taspen', '<p>Mandiri Taspen</p>', '<p>Mandiri Taspen</p>', '2072logomandiritaspen.png', '2020-09-18 04:35:07', '2020-09-18 04:35:07', 0, 1, 46),
(46, '2', 'Taspen', 'Taspen', '<p>Taspen</p>', '<p>Taspen</p>', '3878logotaspen.png', '2020-09-18 04:35:39', '2020-09-18 04:35:39', 0, 1, 48),
(47, '2', 'Borobudur Marathon', 'Borobudur Marathon', '<p>Borobudur Marathon</p>', '<p>Borobudur Marathon</p>', '2261logoborobudurmarathon.png', '2020-09-18 04:36:18', '2020-09-18 04:36:18', 0, 1, 48),
(48, '2', 'Sampoerna', 'Sampoerna', '<p>Sampoerna</p>', '<p>Sampoerna</p>', '2138logosampoerna.png', '2020-09-18 04:38:15', '2020-09-18 04:38:15', 0, 1, 49),
(49, '2', 'Lamongan', 'Lamongan', '<p>Lamongan</p>', '<p>Lamongan</p>', '5782logolamongan.png', '2020-09-18 04:41:45', '2020-09-18 04:41:45', 0, 1, 49),
(50, '2', 'Kabupaten Halmahera Selatan', 'Kabupaten Halmahera Selatan', '<p>Kabupaten Halmahera Selatan</p>', '<p>Kabupaten Halmahera Selatan</p>', '7000logologosaruma.png', '2020-09-18 04:42:38', '2020-09-18 04:42:38', 0, 1, 50),
(51, '2', 'Komite Nasional Ekonomi dan Keuangan Syariah', 'National Islamic Finance Committee', '<p>Komite Nasional Ekonomi dan Keuangan Syariah</p>', '<p>National Islamic Finance Committee</p>', '4179logoknks.png', '2020-09-18 04:43:40', '2020-09-18 04:43:40', 0, 1, 51),
(52, '2', 'Badan Pengkajian dan Penerapan Teknologi', 'Agency for the Assessment and Application of Technology', '<p>Badan Pengkajian dan Penerapan Teknologi &nbsp;</p>', '<p>Agency for the Assessment and Application of Technology</p>', '7558logobppt1.png', '2020-09-18 04:44:53', '2020-09-18 04:44:53', 0, 1, 52),
(53, '2', 'Kementerian Perindustrian Republik Indonesia', 'Kementerian Perindustrian Republik Indonesia', '<p>Kementerian Perindustrian Republik Indonesia</p>', '<p>Kementerian Perindustrian Republik Indonesia</p>', '7267logokemenperin.png', '2020-09-18 04:45:38', '2020-09-18 04:45:38', 0, 1, 53),
(54, '2', 'Imigrasi', 'Imigrasi', '<p>Imigrasi</p>', '<p>Imigrasi</p>', '9147logoimigrasi.png', '2020-09-18 04:46:34', '2020-09-18 04:46:34', 0, 1, 54),
(55, '2', 'PT Angkutan Sungai Danau dan Penyeberangan (Persero)', 'PT Angkutan Sungai Danau dan Penyeberangan (Persero)', '<p>PT Angkutan Sungai Danau dan Penyeberangan (Persero)</p>', '<p>PT Angkutan Sungai Danau dan Penyeberangan (Persero)</p>', '268logoasdp.png', '2020-09-18 04:47:24', '2020-09-18 04:47:24', 0, 1, 56),
(56, '1', 'Sumbawa Timur Mining', 'Sumbawa Timur Mining', '<p>Sumbawa Timur Mining</p>', '<p>Sumbawa Timur Mining</p>', '3938sumbawa.jpg', '2020-09-18 04:54:09', '2020-09-18 04:54:09', 0, 1, 56);

-- --------------------------------------------------------

--
-- Table structure for table `tb_menu`
--

CREATE TABLE `tb_menu` (
  `menu_id` int(11) NOT NULL,
  `url` varchar(255) NOT NULL,
  `name` varchar(255) NOT NULL,
  `date_create` datetime NOT NULL,
  `date_update` datetime NOT NULL,
  `status` int(1) NOT NULL DEFAULT '0'
) ENGINE=InnoDB DEFAULT CHARSET=utf8;

--
-- Dumping data for table `tb_menu`
--

INSERT INTO `tb_menu` (`menu_id`, `url`, `name`, `date_create`, `date_update`, `status`) VALUES
(1, 'user', 'user', '2017-12-29 18:55:32', '2017-12-30 20:27:42', 1),
(2, 'menu', 'menu', '2017-12-29 18:55:45', '2017-12-30 20:28:22', 1),
(3, 'client', 'client', '2018-01-05 11:33:04', '2018-01-05 11:33:04', 1),
(4, 'service', 'service', '2018-01-05 15:07:02', '2018-01-05 15:07:02', 1),
(5, 'campaign', 'campaign', '2018-01-05 16:11:34', '2018-01-05 16:11:34', 1),
(6, 'team', 'team', '2018-01-05 18:27:31', '2018-01-05 18:27:31', 1),
(7, 'banner', 'banner', '2018-01-05 18:42:01', '2018-01-05 18:42:01', 1),
(8, 'strength', 'strength', '2018-01-05 19:26:42', '2018-01-12 13:57:09', 1),
(9, 'text', 'text', '2018-01-27 17:24:37', '2018-01-27 17:24:37', 1),
(10, 'career', 'career', '2018-07-09 05:35:31', '2018-07-09 07:45:39', 1);

-- --------------------------------------------------------

--
-- Table structure for table `tb_menu_action`
--

CREATE TABLE `tb_menu_action` (
  `menu_id` int(11) NOT NULL,
  `action_id` int(11) NOT NULL
) ENGINE=InnoDB DEFAULT CHARSET=utf8;

--
-- Dumping data for table `tb_menu_action`
--

INSERT INTO `tb_menu_action` (`menu_id`, `action_id`) VALUES
(1, 1),
(1, 2),
(1, 3),
(1, 4),
(1, 5),
(2, 1),
(2, 2),
(2, 3),
(2, 4),
(2, 5),
(3, 1),
(3, 2),
(3, 3),
(3, 4),
(3, 5),
(4, 1),
(4, 2),
(4, 3),
(4, 4),
(4, 5),
(5, 1),
(5, 2),
(5, 3),
(5, 4),
(5, 5),
(6, 1),
(6, 2),
(6, 3),
(6, 4),
(6, 5),
(7, 1),
(7, 2),
(7, 3),
(7, 4),
(7, 5),
(8, 1),
(8, 2),
(8, 3),
(8, 4),
(8, 5),
(9, 1),
(9, 2),
(9, 3),
(9, 4),
(9, 5),
(10, 1),
(10, 2),
(10, 3),
(10, 4),
(10, 5);

-- --------------------------------------------------------

--
-- Table structure for table `tb_service`
--

CREATE TABLE `tb_service` (
  `service_id` int(11) NOT NULL,
  `name` varchar(255) NOT NULL,
  `name_en` varchar(255) NOT NULL,
  `meta_title` varchar(256) DEFAULT NULL,
  `meta_description` varchar(256) DEFAULT NULL,
  `summary` text NOT NULL,
  `summary_en` text NOT NULL,
  `description` text NOT NULL,
  `description_en` text NOT NULL,
  `image` varchar(255) NOT NULL,
  `date_create` datetime NOT NULL,
  `date_update` datetime NOT NULL,
  `top` int(11) NOT NULL DEFAULT '0',
  `status` int(11) NOT NULL DEFAULT '0'
) ENGINE=InnoDB DEFAULT CHARSET=utf8;

--
-- Dumping data for table `tb_service`
--

INSERT INTO `tb_service` (`service_id`, `name`, `name_en`, `meta_title`, `meta_description`, `summary`, `summary_en`, `description`, `description_en`, `image`, `date_create`, `date_update`, `top`, `status`) VALUES
(1, 'Native Advertising & Content Marketing', 'Native Advertising & Content Marketing', NULL, NULL, 'Native Advertising, Advertorial, Video, Foto dan Infografis', 'Native Ads, Advertorial, Video, Photo and Infographic', '<p>Kesuksesan sebuah brand tidak bisa dilepaskan dari komunikasinya yang efektif dengan khalayak. Pada era di mana publik dibanjiri informasi, utamanya melalui media sosial. Sebuah brand membutuhkan cerita unik, inspiratif, dan terpercaya. Tidak lagi sepenuhnya bersandar pada periklanan tradisional.</p>\r\n\r\n<p>Sebab 70% konsumen menyatakan mereka lebih suka mengetahui produk melalui konten daripada periklanan tradisional. Data PageFair menunjukkan, sebanyak 58% pengguna internet di Indonesia menggunakan AdBlock untuk memblokir iklan. Inilah yang melahirkan<em> tren native advertising</em>.</p>\r\n\r\n<p>Berbekal pengalaman lebih dari satu dekade, kami membantu merumuskan strategi komunikasi yang tepat untuk brand Anda. Kami merancang, memproduksi, dan menyebarkan <em>native advertising</em> ke seluruh saluran, baik <em>Paid Media</em>, <em>Owned Media</em>, maupun <em>Earned Media</em>.</p>\r\n\r\n<p>Kami bermitra dengan ratusan pembuat konten dan <em>influencer </em>untuk menghasilkan cerita yang khas dalam berbagai format;teks, foto, video, infografis, untuk setiap <em>brand</em>.</p>\r\n\r\n<p>Kami juga bekerja sama dengan ratusan media nasional dan lokal untuk menyampaikan pesan Anda kepada pemirsa di rumah atau melalui perangkat gadget mereka.&nbsp;</p>', '<p>The success of a brand can not be separated from its effective communication with audiences. In an era where the public is flooded with information, primarily through social media. A brand needs a unique, inspirational, and trusted story. No longer completely relying on traditional advertising.</p>\r\n\r\n<p>Because 70% of consumers say they prefer to know the product through content rather than traditional advertising. PageFair&#39;s data show that 58% of internet users in Indonesia use AdBlock to block ads. This is what gave birth to native advertising trends.</p>\r\n\r\n<p>With more than a decade of experience, we help formulate the right communication strategy for your brand. We design, manufacture and distribute native advertising to all channels, whether Paid Media, Owned Media, or Earned Media.</p>\r\n\r\n<p>We partner with hundreds of creators and influencers to produce distinctive stories in different formats: text, photos, videos, infographics, for each brand.</p>\r\n\r\n<p>We also work with hundreds of national and local media to deliver your message to viewers at home or through their gadget devices.</p>', '3905shutterstock166513367.jpg', '2018-01-05 15:19:39', '2018-03-26 01:10:26', 0, 1),
(2, 'Strategi Digital', 'Digital Strategy', NULL, NULL, 'Penanganan Media Sosial, Aktivasi Media Sosial, Penanganan Media, Search Engine Marketing(SEM)', 'Social Media Handling, Social Media Activation, Media Handling, Search Engine Marketing(SEM)', '<p>Semua bisnis ingin memanfaatkan perkembangan dunia digital untuk menigkatkan kepuasan pelanggan mereka. Bagaimana caranya dan harus mulai dari mana?</p>\r\n\r\n<p>Kami membantu Anda untuk merumuskan strategi digital yang tepat. Ia meliputi penanganan media sosial, aktivasi media sosial, penanganan media dan <em>Search Engine Marketing</em>.</p>\r\n\r\n<p>Layanan ini akan memudahkan Anda untuk mengetahui siapa yang melihat konten Anda, dan bagaimana mereka terikat dengan Anda. Anda juga berinteraksi secara<em> real time </em>dengan mereka.&nbsp;</p>\r\n\r\n<p>Selain itu, dengan strategi digital yang tepat, Anda bisa menjangkau audiens yang jauh lebih luas, namun tetap dengan biaya yang efektif.</p>', '<p><br />\r\nAll businesses want to take advantage of the development of the digital world to boost their customer satisfaction. How and where to start?</p>\r\n\r\n<p>We help you to formulate the right digital strategy. It includes the handling of social media, social media activation, media handling and Search Engine Marketing.</p>\r\n\r\n<p>This service will make it easier for you to know who sees your content, and how they are tied to you. You also interact in real time with them.</p>\r\n\r\n<p>In addition, with the right digital strategy, you can reach a much broader audience, but keep it cost effective.</p>', '3497strategi.jpg', '2018-01-05 16:47:23', '2020-01-13 10:07:15', 0, 1),
(3, 'Institusi & Personal Branding', 'Institution & Personal Branding', NULL, NULL, 'Strategi PR, Strategi CSR, Aktivasi Merek dan Hubungan Media', 'PR Strategy, CSR Strategy, Brand Activation and Media Relation', '<p>Bagaimana posisi brand Anda di mata media? Siapa figur paling berpengaruh terhadap brand Anda? Apa titik terlemah brand Anda yang menjadi sorotan media?</p>\r\n\r\n<p>Kami menawarkan analisis big data untuk mengukur citra brand Anda di mata media secara instan dan akurat. <em>Tools </em>big data yang kami tawarkan merupakan salah satu yang terbaik di Indonesia saat ini.</p>\r\n\r\n<p>Kami menawarkan layanan media monitoring dan media intelligence yang memudahkan Anda untuk memonitor pemberitaan media terhadap brand Anda setiap saat secara <em>real time</em>.</p>\r\n\r\n<p>Kami juga menyediakan analisis atas data tersebut sekaligus rekomendasi agar performa brand Anda menjadi lebih baik. Rekomendasi tersebut sudah meliputi strategi hubungan masyarakat, tanggung jawab sosial perusahaan, aktivasi brand, dan menjaga hubungan baik dengan media.</p>', '<p>How does your brand position in the eyes of the media? Who is the most influential figure of your brand? What is your brand&#39;s weakest point in the media spotlight?</p>\r\n\r\n<p>We offer big data analysis to instantly and accurately measure your brand image in the eyes of the media. Big data tools that we offer is one of the best in Indonesia today.</p>\r\n\r\n<p>We offer media monitoring and media intelligence services that enable you to monitor media coverage of your brand at any time in real time.</p>\r\n\r\n<p>We also provide an analysis of the data as well as recommendations to make your brand performance better. The recommendations include public relations strategies, corporate social responsibility, brand activation, and maintaining good relations with the media.</p>', '4778personalbrand.jpg', '2018-01-11 17:02:37', '2018-03-26 01:18:50', 0, 1),
(4, 'Pelatihan & Konsultasi', 'Training & Consultancy', NULL, NULL, 'Workshop, FGD dan Seminar', 'Workshop, FGD and Seminar', '<p>Hampir semua orang ini beralih ke digital, namun tidak semua paham bagaimana memulainya. Kami membantu menyiapkan kehadiran Anda di dunia digital.</p>\r\n\r\n<p>Persiapan itu mulai dari pengenalan terhadap lanskap media sosial, strategi digital dan pembuatan serta pengelolaan website juga aplikasi.</p>\r\n\r\n<p>Tim DNA sudah berpengalaman merancang kampanye digital dalam berbagai level: dari individu, usaha kecil dan menengah, perusahaan swasta, BUMN, pejabat pemerintahan, kota sampai level kementerian negara. Pengalaman itu bisa kami bagikan melalui pelatihan terhadap tim internal Anda agar mereka bisa bekerja secara independen untuk mencapai target yang dituju.</p>\r\n\r\n<p>Pelatihan ini tidak hanya bisa dilakukan di Jakarta saja, tetapi juga hingga ke seluruh nusantara. Tim DNA memiliki kerja sama dengan para ahli di bidangnya dan mereka siap membantu kapan pun Anda butuhkan.</p>', '<p>Almost all of these people are switching to digital, but not all understand how to get started. We help prepare your presence in the digital world.</p>\r\n\r\n<p>Preparations range from the introduction of the social media landscape, the digital strategy and the creation and management of websites and applications.</p>\r\n\r\n<p>The DNA team has experienced designing digital campaigns at various levels: from individuals, small and medium businesses, private companies, state-owned enterprises, government officials, cities to state ministries. We can share that experience through training your internal team so that they can work independently to achieve the intended target.</p>\r\n\r\n<p>This training can not only be done in Jakarta alone, but also to the entire archipelago. The DNA team has collaboration with experts in their field and they are ready to help whenever you need.</p>', '6958training.jpg', '2018-01-11 17:03:09', '2018-03-26 01:22:33', 0, 1),
(5, 'Analisis & Wawasan', 'Analysis & Insight', NULL, NULL, 'Intelijen dan Pemantauan Media', 'Media Intelligent and Monitoring', '<p>Menurut Dewan Pers, terdapat sekitar 47 ribu media di Indonesia, 44.300 di antaranya media online, sisanya adalah media cetak, televisi, dan radio. Dari jumlah tersebut, media terverifikasi oleh Dewan Pers baru berjumlah 74. Bagaimana Anda bisa merumuskan strategi komunikasi yang tepat terhadap media?</p>\r\n\r\n<p>Kami menawarkan analisis Big Data yang dilengkapi kecerdasan buatan dan mampu menganalisis pemberitaan di tiga ribu lebih media online, media cetak, dan televisi secara real time. Dengan demikian, Anda bisa mengucapkan selamat tinggal pada klipingan berita.</p>\r\n\r\n<p>Analis kami akan secara rutin memberikan analisis, laporan dan rekomendasi mengenai isu-isu yang diangkat media, tokoh-tokoh dan institusi yang terlibat dalam berbagai isu.&nbsp;Serta reaksi warganet terhadap isu tertentu. Laporan tersebut langsung dikirim ke perangkat Anda agar Anda bisa membacanya kapan pun dan di mana pun Anda membutuhkannya.</p>', '<p>According to the Press Council, there are about 47 thousand media in Indonesia, 44,300 of which are online media, the rest are print, television and radio. Of these, the media verified by the new Press Council amounted to 74. How can you formulate appropriate media communication strategies?</p>\r\n\r\n<p>We offer Big Data analysis with artificial intelligence and are able to analyze the news in over three thousand online media, print media and television in real time. Thus, you can say goodbye to news clippings.</p>\r\n\r\n<p>Our analysts will routinely provide analysis, reports and recommendations on issues raised by the media, figures and institutions involved in various issues. And the warganet&#39;s reaction to a particular issue. The report is sent directly to your device so you can read it whenever and wherever you need it.</p>', '2206Analisis.jpg', '2018-01-11 17:03:39', '2018-03-26 01:25:06', 0, 1),
(6, 'Website & Mobile Development Services', 'Website & Mobile Development Services', 'Jasa Pembuatan Website Mobilesite Aplikasi Android IOS Ecommerce', 'Jasa bikin pembuatan website mobilesite aplikasi android ios ecommerce toko online profesional sesuai kebutuhan Anda dengan harga terjangkau - Diginusantara', 'Creative Design, UI & UX, Website Development, Content Management System, Ecommerce, Web Application, Mobile Application, Hosting & Email, Web Maintenance', 'Creative Design, UI & UX, Website Development, Content Management System, Ecommerce, Web Application, Mobile Application, Hosting & Email, Web Maintenance', '<p>Website dan aplikasi <em>mobile </em>adalah etalase bagi perusahaan agar mudah diakses publik kapan saja dan di mana saja. Keberadaannya kian penting seiring dengan meningkatnya pengguna internet, terutama melalui <em>smartphone </em>dan tablet.</p>\r\n\r\n<p>Karena itu, tiap perusahaan seyogianya senantiasa menjadikan website sebagai prioritas penting, bukan sekadar hiasan. Kami menyediakan solusi<em> end to end</em> untuk website dan aplikasi mobile perusahaan Anda. Mulai dari desain, pembuatan, hingga pengelolaan kontennya.</p>\r\n\r\n<p>Selain itu, kami menyediakan solusi bagi usaha kecil dan menengah yang ingin membuat <em>e-commerce</em> khusus untuk perusahaannya. Dengan demikian, mereka lebih mudah memasarkan produk sekaligus berkomunikasi dengan pelanggan setianya.<br />\r\n&nbsp;</p>', '<p>Websites and mobile apps are a storefront for companies to be easily accessible to the public anytime and anywhere. Its presence is increasingly important along with the increasing internet users, especially through smartphones and tablets.</p>\r\n\r\n<p>Therefore, every company should always make the website an important priority, not just decoration. We provide end to end solutions for your company&#39;s mobile website and app: from design, creation, to content management.</p>\r\n\r\n<p>In addition, we provide solutions for small and medium enterprises who want to create e-commerce specifically for the company. Thus, they are easier to market their products while communicating with loyal customers.</p>', '1149webservices.jpg', '2018-01-11 17:04:12', '2020-01-13 07:37:54', 0, 1),
(7, 'Search Engine Optimization (SEO)', 'Search Engine Optimization (SEO)', 'Jasa SEO Organik Profesional Terbaik Terpercaya', 'Jasa SEO (Search Engine Optimization) organik on page off page profesional terbaik terpercaya jakarta indonesia - Diginusantara', 'On Page SEO, Off Page SEO, Link Building, Article Submission', 'On Page SEO, Off Page SEO, Link Building, Article Submission', '<p><i>Search Engine Optimization</i>, biasa disingkat &quot;SEO&quot; adalah serangkaian proses yang dilakukan secara sistematis yang bertujuan untuk meningkatkan volume dan kualitas trafik kunjungan melalui mesin pencari menuju situs web tertentu dengan memanfaatkan mekanisme kerja atau algoritme mesin pencari tersebut. Tujuan dari SEO adalah menempatkan sebuah situs web pada posisi teratas, atau setidaknya halaman pertama hasil pencarian berdasarkan kata kunci tertentu yang ditargetkan. Secara logis, situs web yang menempati posisi teratas pada hasil pencarian memiliki peluang lebih besar untuk mendapatkan pengunjung.</p>\r\n\r\n<p>Sejalan dengan makin berkembangnya pemanfaatan jaringan internet sebagai media bisnis, kebutuhan atas SEO juga semakin meningkat. Berada pada posisi teratas hasil pencarian akan meningkatkan peluang sebuah perusahaan pemasaran berbasis web untuk mendapatkan pelanggan baru. Peluang ini dimanfaatkan sejumlah pihak untuk menawarkan jasa optimisasi mesin pencari bagi perusahaan-perusahaan yang memiliki basis usaha di internet.</p>', '<p>Search Engine Optimization, commonly abbreviated as &quot;SEO&quot; is a series of processes carried out systematically that aim to increase the volume and quality of traffic through search engines to a particular website by utilizing the work mechanism or search engine algorithm. The goal of SEO is to place a website in the top position, or at least the first page of search results based on certain targeted keywords. Logically, a website that occupies the top position in search results has a greater chance of getting visitors.</p>\r\n\r\n<p>In line with the growing development of the use of the internet as a business medium, the need for SEO is also increasing. Being in the top position of search results will increase the chances of a web-based marketing company to get new customers. This opportunity is used by a number of parties to offer search engine optimization services for companies that have a business base on the internet.</p>', '3097seo-logo-png-clip-art.png', '2020-01-13 04:31:21', '2020-01-13 04:32:52', 0, 1);

-- --------------------------------------------------------

--
-- Table structure for table `tb_strength`
--

CREATE TABLE `tb_strength` (
  `strength_id` int(11) NOT NULL,
  `name` varchar(255) NOT NULL,
  `name_en` varchar(255) NOT NULL,
  `description` text NOT NULL,
  `description_en` text NOT NULL,
  `image` varchar(255) NOT NULL,
  `date_create` datetime NOT NULL,
  `date_update` datetime NOT NULL,
  `top` int(11) NOT NULL DEFAULT '0',
  `status` int(11) NOT NULL DEFAULT '0'
) ENGINE=InnoDB DEFAULT CHARSET=utf8;

--
-- Dumping data for table `tb_strength`
--

INSERT INTO `tb_strength` (`strength_id`, `name`, `name_en`, `description`, `description_en`, `image`, `date_create`, `date_update`, `top`, `status`) VALUES
(1, 'Penyebaran Media', 'Media Share', 'DNA dapat menentukan daftar media untuk mempublikasikan topik atau isu yang spesifik. Hal ini akan membuat semakin mudah untuk eksekusi kampanye', 'DNA can define list of media that publish spesific topic or ssue. It will make media approach more easy for campaign execution', '5775icon-media-share.png', '2018-01-12 14:10:41', '2018-03-26 02:10:11', 1, 1),
(2, 'Sentimen', 'Sentiment', 'Untuk mendiagnosis sentimen topik atau isu publikasi di Indonesia, hal ini sangat penting untuk menentukan strategi publikasi', 'To diagnose sentiment of a topic / issue for publication in Indonesia is very important to determine publication strategy', '3009icon-sentiment.png', '2018-01-12 14:14:04', '2018-03-26 02:09:28', 1, 1),
(3, 'Penyebaran Isu', 'Spreed of Issue', 'DNA dapat mengetahui topik berita apa yang menjadi pembicaraan hangat di sejumlah wilayah', 'DNA also knows the news based on which areas where the topic is raised', '5658icon-soi.png', '2018-01-12 14:15:09', '2018-03-26 02:07:08', 1, 1),
(4, 'Pengaruh', 'Influencer', 'Relevansi influencer terhadap topik atau isu dapat membantu membangun legitimasi', 'The relevance of influencers to topics or issue, can help build legitimacy', '6779icon-Influencer.png', '2018-01-12 14:16:41', '2018-03-26 02:10:42', 1, 1),
(5, 'Pengukuran Media Sosial', 'Social Media Measurement', 'Percakapan Media Sosial menjadi salah satu strategi inti DNA. Kami yakin media sosial memiliki dampak yang kuat untuk membangun persepsi', 'Social Media conversation become one of DNA core strategy. We believe social media have a powerful impact to build public perseption', '8334icon-smm.png', '2018-01-12 14:17:20', '2018-03-26 02:11:08', 1, 1),
(6, 'Hot Issue', 'Hot Issue', 'Berdasarkan analisis terkait hot issue, kami bisa membantu untuk menentukan masalah yang tendensi yang dapat melemahkan atau memperkuat topik tertentu', 'Based on hot issue analysis, we can determine tendency issues that weaken or strenghten spesific topic', '7886icon-hotissue.png', '2018-01-12 14:18:21', '2018-03-26 02:12:26', 1, 1);

-- --------------------------------------------------------

--
-- Table structure for table `tb_subscribe`
--

CREATE TABLE `tb_subscribe` (
  `id` int(11) NOT NULL,
  `email` varchar(255) NOT NULL,
  `date_create` datetime NOT NULL
) ENGINE=MyISAM DEFAULT CHARSET=latin1;

--
-- Dumping data for table `tb_subscribe`
--

INSERT INTO `tb_subscribe` (`id`, `email`, `date_create`) VALUES
(1, 'networkbiziefa@gmail.com', '2018-09-04 13:05:32'),
(2, 'salahudinachmad4@gmail.com', '2019-03-26 04:46:55'),
(3, 'azmidea91@gmail.com', '2019-03-29 12:12:10'),
(4, 'delatiaralimbu97@yahoo.co.id', '2019-07-10 13:31:54');

-- --------------------------------------------------------

--
-- Table structure for table `tb_team`
--

CREATE TABLE `tb_team` (
  `team_id` int(11) NOT NULL,
  `name` varchar(255) NOT NULL,
  `position` varchar(255) NOT NULL,
  `description` text NOT NULL,
  `description_en` text NOT NULL,
  `image` varchar(255) NOT NULL,
  `mail` varchar(255) NOT NULL,
  `facebook` varchar(255) NOT NULL,
  `twitter` varchar(255) NOT NULL,
  `instagram` varchar(255) NOT NULL,
  `linkedin` varchar(255) NOT NULL,
  `date_create` datetime NOT NULL,
  `date_update` datetime NOT NULL,
  `top` int(11) NOT NULL DEFAULT '0',
  `status` int(11) NOT NULL DEFAULT '0'
) ENGINE=InnoDB DEFAULT CHARSET=utf8;

--
-- Dumping data for table `tb_team`
--

INSERT INTO `tb_team` (`team_id`, `name`, `position`, `description`, `description_en`, `image`, `mail`, `facebook`, `twitter`, `instagram`, `linkedin`, `date_create`, `date_update`, `top`, `status`) VALUES
(1, 'Nurfajri Budi Nugroho', 'CEO', '<p>Nurfajri Budi Nugroho has been working as a journalist since 2005. He has written many pieces for&nbsp;<b>detik.com</b>,&nbsp;<b>MNC Group</b>, including reporting from the Europe, USA, and Southeast Asia.&nbsp;</p>\r\n\r\n<p>Fajri began his reporting career as a reporter at&nbsp;<b>detik.com</b>&nbsp;in 2005, where he covered stories for the Metro and National Issues. In 2007, he started a two-year tenure as a Managing Editor at&nbsp;<b>MNC Group</b>, where he responsible to covered Economy and Financial, International, Politics, and Lifestyle.</p>\r\n\r\n<p>Between 2009-2014, Fajri served as assitant to special staff under&nbsp;<b>President Susilo Bambang Yudhoyono</b>. During this period, Fajri uses his skill in media monitoring and issues analysist, as well as involved in formulating critical advice to the president.</p>\r\n\r\n<p>Fajri has co-authored and edited several books. In 2015, he appointed as&nbsp;<b>Vice Editor In Chief of Metrotvnews.com</b>. He changed the organizational structure, and introduced native advertising as a new revenue stream for the company. Under his tenure,&nbsp;<b>Metrotvnews.com</b>&nbsp;has doubled its employees and increase revenue by more than 100 percent.</p>\r\n\r\n<p>Outside of the office, he is likely to explore the city and took some great photos with his DSLR or mirrorless camera.&nbsp;</p>', '<p>Nurfajri Budi Nugroho has been working as a journalist since 2005. He has written many pieces for&nbsp;<b>detik.com</b>,&nbsp;<b>MNC Group</b>, including reporting from the Europe, USA, and Southeast Asia.&nbsp;</p>\r\n\r\n<p>Fajri began his reporting career as a reporter at&nbsp;<b>detik.com</b>&nbsp;in 2005, where he covered stories for the Metro and National Issues. In 2007, he started a two-year tenure as a Managing Editor at&nbsp;<b>MNC Group</b>, where he responsible to covered Economy and Financial, International, Politics, and Lifestyle.</p>\r\n\r\n<p>Between 2009-2014, Fajri served as assitant to special staff under&nbsp;<b>President Susilo Bambang Yudhoyono</b>. During this period, Fajri uses his skill in media monitoring and issues analysist, as well as involved in formulating critical advice to the president.</p>\r\n\r\n<p>Fajri has co-authored and edited several books. In 2015, he appointed as&nbsp;<b>Vice Editor In Chief of Metrotvnews.com</b>. He changed the organizational structure, and introduced native advertising as a new revenue stream for the company. Under his tenure,&nbsp;<b>Metrotvnews.com</b>&nbsp;has doubled its employees and increase revenue by more than 100 percent.</p>\r\n\r\n<p>Outside of the office, he is likely to explore the city and took some great photos with his DSLR or mirrorless camera.&nbsp;</p>', '9635fajri.png', 'fajri@diginusantara.com', 'https://web.facebook.com/fajribudi', 'https://twitter.com/fajribudi', 'https://www.instagram.com/fajribn/', 'https://www.linkedin.com/in/fajribudi/', '2018-01-11 17:14:56', '2019-10-21 09:39:49', 1, 1),
(2, 'Glenn Jolodoro', 'COO', '<p>What is intersection between Web Designer and Digital Marketing? Looking back to Glenn Jolodoro strong 10 years experience in market leaders company, it&#39;s easy to find the answer:&nbsp;<b>Creativity</b>.&nbsp;</p>\r\n\r\n<p>He gathered wide and comprehensive set of successful business cases to company&rsquo; strategy, innovations and growth plan. Received his B.A in Architecture, Glenn began his career as a Web Designer for&nbsp;<b>detik.com</b>&nbsp;in 2006, then decided to join the founding fathers of&nbsp;<b>Okezone.com</b>&nbsp;--<b>MNC Group</b>-- in 2007. He helped to lay the foundation and expansion of that News and Entertainment Portal to find their unique place in a very competitive market.</p>\r\n\r\n<p>In 2013, Glenn developed a new set of marketing tools and strategic plan to boost&nbsp;<b>Okezone.com</b>&nbsp;revenue. His success story attracted&nbsp;<b>Metrotvnews.com</b>&nbsp;who want to reinvent itself. So, between 2014-2017, Glenn served as General Manager Sales and Marketing at&nbsp;<b>Metrotvnews.com</b>. He made a breakthrough to cracking the huge digital potential market. During his tenure, beside native advertising, Glenn also created&nbsp;<b>Online Scholarship Competition</b>, the biggest offline-online competition in Indonesia.</p>\r\n\r\n<p>His experience combined with natural taste for effective strategy also helped&nbsp;<b>Metro TV</b>&nbsp;to reach its digital audience.</p>\r\n\r\n<p>In his spare time, Glenn searching for travel deals, gardening, cooking or design.&nbsp;</p>', '<p>What is intersection between Web Designer and Digital Marketing? Looking back to Glenn Jolodoro strong 10 years experience in market leaders company, it&#39;s easy to find the answer:&nbsp;<b>Creativity</b>.&nbsp;</p>\r\n\r\n<p>He gathered wide and comprehensive set of successful business cases to company&rsquo; strategy, innovations and growth plan. Received his B.A in Architecture, Glenn began his career as a Web Designer for&nbsp;<b>detik.com</b>&nbsp;in 2006, then decided to join the founding fathers of&nbsp;<b>Okezone.com</b>&nbsp;--<b>MNC Group</b>-- in 2007. He helped to lay the foundation and expansion of that News and Entertainment Portal to find their unique place in a very competitive market.</p>\r\n\r\n<p>In 2013, Glenn developed a new set of marketing tools and strategic plan to boost&nbsp;<b>Okezone.com</b>&nbsp;revenue. His success story attracted&nbsp;<b>Metrotvnews.com</b>&nbsp;who want to reinvent itself. So, between 2014-2017, Glenn served as General Manager Sales and Marketing at&nbsp;<b>Metrotvnews.com</b>. He made a breakthrough to cracking the huge digital potential market. During his tenure, beside native advertising, Glenn also created&nbsp;<b>Online Scholarship Competition</b>, the biggest offline-online competition in Indonesia.</p>\r\n\r\n<p>His experience combined with natural taste for effective strategy also helped&nbsp;<b>Metro TV</b>&nbsp;to reach its digital audience.</p>\r\n\r\n<p>In his spare time, Glenn searching for travel deals, gardening, cooking or design.&nbsp;</p>', '431glenn.png', 'glenn@diginusantara.com', 'https://web.facebook.com/glenn.jolodoro', 'https://twitter.com/glennj', 'https://www.instagram.com/glennjolodoro', 'http://www.linkedin.com/in/glennjolodoro', '2018-01-11 17:16:13', '2019-10-21 09:40:16', 1, 1),
(3, 'Fahrul Haqi', 'CTO', '<p>Fahrul Haqi is a Kopite who passionate about tech, music, games, and enjoy helping others be their best. With more than 10 years experience, he has become a digital executive in MNC Group&nbsp;(Okezone.com) with proven experience in content and product strategy, growing audience and revenue, and building and managing high-performing teams.</p>\r\n\r\n<p>His expertise ranging from scalable and high visibility internet content delivery, content management and complex software environments. He consistently drives cost-effective operational results, meeting timelines and budgets in small and big projects. He knows all aspects of running and especially growing a content based web business.</p>\r\n\r\n<p>He also has the unique ability to lead several techincal teams that served multiple clients.</p>', '<p>Fahrul Haqi is a Kopite who passionate about tech, music, games, and enjoy helping others be their best. With more than 10 years experience, he has become a digital executive in MNC Group (Okezone.com) with proven experience in content and product strategy, growing audience and revenue, and building and managing high-performing teams.</p>\r\n\r\n<p>His expertise ranging from scalable and high visibility internet content delivery, content management and complex software environments. He consistently drives cost-effective operational results, meeting timelines and budgets in small and big projects. He knows all aspects of running and especially growing a content based web business.</p>\r\n\r\n<p>He also has the unique ability to lead several techincal teams that served multiple clients.</p>', '6515arul.png', 'fahrul@diginusantara.com', 'https://www.facebook.com/aroelhaqi', 'https://www.twitter.com/aroelhaqi', 'https://www.instagram.com/aroelhaqi', 'https://www.linkedin.com/in/fahrul-haqi', '2018-01-11 17:21:45', '2019-10-22 09:43:22', 1, 1),
(4, 'Insaf Albert Tarigan', 'Content Director', '<p>Albert is a former Managing Editor at&nbsp;<b>Metrotvnews.com</b>, one of Indonesia&#39;s most respected media outlets. He specializes in technology issues, including gadget, computer and its hardware, games, telco, and more.&nbsp;</p>\r\n\r\n<p>He have worked in the media industry for 9 years, ultimately gaining experience in&nbsp;<b>technology</b>,&nbsp;<b>politics</b>, and&nbsp;<b>social issues</b>. He also passionate about social media management, native advertising, communication strategy, and content marketing.</p>\r\n\r\n<p>His passion for writing can be traced back to his pre-proffesional days. Whether as an activist at University of Jember or a columnist at several local media in East Java.</p>\r\n\r\n<p>Outside of the office, he is likely watching movies, re-reading Tetralogi Pulau Buru. You can discuss about Wes Anderson or Woody Allen movies anytime, Albert will be enthusiastic.</p>', '<p>Albert is a former Managing Editor at&nbsp;<b>Metrotvnews.com</b>, one of Indonesia&#39;s most respected media outlets. He specializes in technology issues, including gadget, computer and its hardware, games, telco, and more.&nbsp;</p>\r\n\r\n<p>He have worked in the media industry for 9 years, ultimately gaining experience in&nbsp;<b>technology</b>,&nbsp;<b>politics</b>, and&nbsp;<b>social issues</b>. He also passionate about social media management, native advertising, communication strategy, and content marketing.</p>\r\n\r\n<p>His passion for writing can be traced back to his pre-proffesional days. Whether as an activist at University of Jember or a columnist at several local media in East Java.</p>\r\n\r\n<p>Outside of the office, he is likely watching movies, re-reading Tetralogi Pulau Buru. You can discuss about Wes Anderson or Woody Allen movies anytime, Albert will be enthusiastic.</p>', '1774insaf.png', 'albert@diginusantara.com', 'https://www.facebook.com/insaf.tarigan', 'https://twitter.com/AlbertTarigan', 'https://www.instagram.com/alberttarigan/', 'https://www.linkedin.com/in/alberttarigan/', '2018-01-11 17:22:37', '2019-10-21 09:40:36', 1, 1),
(5, 'Danto Dewanto', 'VP Sales & Marketing', '<p>Danto Dewanto is a combination of planner, strategist, brand and digital person. He has been tinkering with digital stuff for over 9 years, <b>from Content Management</b>, <b>Product Management</b>, <b>Pre Sales to Digital Strategic</b></p>\r\n\r\n<p>From 2008-2017, he dedicated his talent in two of the most respected media companies in Indonesia, MNC Group and Metro TV. Danto began his carreer at <b>MNC Group</b> in 2008, where he served as a Content Management Officer. From 2010-2014, he was promoted twice to become Head of Product Management and Business Support, and Head of Pre Sales.</p>\r\n\r\n<p>In November 2014, Danto left MNC Group to join <b>Metrotvnews.com</b> as its <b>Head of Digital Strategic Planner</b>. He helped boost the company into a multibillion-rupiah-a-year business and doubling its size</p>\r\n\r\n<p>Danto is passionate about digital transformation, mobile and fascinated by how technology can change the way people see the world around them. He hates the typical cut-copy-paste job and always starving for innovation, despite the fact that it means experimentation and risk.</p>\r\n\r\n<p>Danto enjoys listening to music. If you challenge him to play Pro Evolution Soccer, he will win.</p>', '<p>Danto Dewanto is a combination of planner, strategist, brand and digital person. He has been tinkering with digital stuff for over 9 years, <b>from Content Management</b>, <b>Product Management</b>, <b>Pre Sales to Digital Strategic</b></p>\r\n\r\n<p>From 2008-2017, he dedicated his talent in two of the most respected media companies in Indonesia, MNC Group and Metro TV. Danto began his carreer at <b>MNC Group</b> in 2008, where he served as a Content Management Officer. From 2010-2014, he was promoted twice to become Head of Product Management and Business Support, and Head of Pre Sales.</p>\r\n\r\n<p>In November 2014, Danto left MNC Group to join <b>Metrotvnews.com</b> as its <b>Head of Digital Strategic Planner</b>. He helped boost the company into a multibillion-rupiah-a-year business and doubling its size</p>\r\n\r\n<p>Danto is passionate about digital transformation, mobile and fascinated by how technology can change the way people see the world around them. He hates the typical cut-copy-paste job and always starving for innovation, despite the fact that it means experimentation and risk.</p>\r\n\r\n<p>Danto enjoys listening to music. If you challenge him to play Pro Evolution Soccer, he will win.</p>', '1711danto.png', 'danto@diginusantara.com', 'https://www.facebook.com/danto.dewanto', 'https://twitter.com/DanDewanto', 'https://www.instagram.com/getitdant/', 'https://www.linkedin.com/in/danto-dewanto-4034402b', '2018-01-12 11:47:25', '2019-10-18 10:49:33', 1, 1),
(6, 'Dede Suryana', 'The Experts', '<p>Ini Dede Suryana</p>', '<p>ini raisa</p>', '878606-DESUR.jpg', '-', 'https://www.facebook.com/desur', '-', '-', '-', '2018-01-22 13:46:31', '2018-11-13 13:14:53', 0, 0),
(7, 'Yessa Nadia Abgail', 'Partnership', '<p>Ini Yessa</p>', '<p>this is yessa</p>', '238912-YESA-2.jpg', 'yessa@diginusantara.com', '-', '-', 'https://www.instagram.com/soundofkeyl/', '-', '2018-02-19 08:14:32', '2019-02-13 12:12:57', 0, 0),
(8, 'Moch Taufik Fadillah', 'Designer', '<p>Mohammad Taufik Fadillah</p>', '<p>Mohammad Taufik Fadillah</p>', '473711-TAUFIK.jpg', 'taufik@diginusantara.com', '-', 'https://www.twitter.com/mtfadillah/', 'https://www.instagram.com/mtfadillah/', '-', '2018-02-19 08:22:29', '2019-02-13 12:13:05', 0, 0),
(9, 'Dini Adlina', 'Media Planner', '<p>Dini Adlina</p>', '<p>Dini Adlina</p>', '321007-DINI-ADLINA.jpg', 'dini@diginusantara.com', 'https://www.facebook.com/diniadlin', 'https://twitter.com/diniadlin', 'https://www.instagram.com/diniadlina/', '-', '2018-02-19 08:30:08', '2019-02-13 12:13:14', 0, 0),
(10, 'Hadiq Afianto', 'Developer', '<p>Hadiq Afianto</p>', '<p>Hadiq Afianto</p>', '3825IMG3138edyt1.png', 'hadiq@diginusantara.com', '-', '-', '-', '-', '2018-02-19 08:31:00', '2019-02-06 11:06:02', 0, 0),
(11, 'Radityo Putro Nugroho', 'Designer', '<p>Radityo Putro Nugroho</p>', '<p>Radityo Putro Nugroho</p>', '531408-RADITYO.jpg', 'radityo@diginusanstara.com', 'https://www.facebook.com/radityopn', 'https://www.twitter.com/radityopn', 'https://www.instagram.com/radityopn', '-', '2018-02-19 08:33:07', '2019-02-13 12:13:23', 0, 0);

-- --------------------------------------------------------

--
-- Table structure for table `tb_text`
--

CREATE TABLE `tb_text` (
  `text_id` int(11) NOT NULL,
  `page` varchar(255) NOT NULL,
  `text` text NOT NULL,
  `text_en` text NOT NULL,
  `date_create` datetime NOT NULL,
  `date_update` datetime NOT NULL,
  `status` int(11) NOT NULL DEFAULT '0'
) ENGINE=InnoDB DEFAULT CHARSET=utf8;

--
-- Dumping data for table `tb_text`
--

INSERT INTO `tb_text` (`text_id`, `page`, `text`, `text_en`, `date_create`, `date_update`, `status`) VALUES
(1, 'home', '<p>Siapa Kami</p>', '<p>Who We Are</p>', '2018-01-27 17:48:27', '2018-01-28 12:43:49', 1),
(2, 'home', '<p>Selengkapnya</p>', '<p>Find Out More&nbsp;</p>', '2018-01-27 18:00:02', '2018-01-27 19:55:23', 1),
(3, 'home', '<p>Klien kami tercinta&nbsp;</p>', '<p>We Love Our Client</p>', '2018-01-27 18:00:34', '2018-03-22 08:37:59', 1),
(4, 'home', '<p>Kami sangat senang mendampingi para klien kami yang mengagumkan&nbsp;</p>', '<p>They so Awesome, we has happy moment together</p>', '2018-01-27 18:00:51', '2018-03-22 08:34:06', 1),
(5, 'home', '<p>Lihat lebih banyak klien</p>', '<p>See more of our works and clients</p>', '2018-01-27 18:01:14', '2019-08-07 01:17:43', 1),
(6, 'home', '<p>Archive Ambition</p>', '<p>Archive Ambition</p>', '2018-01-27 18:02:18', '2018-01-27 18:02:18', 1),
(7, 'home', '<p>Service kami sepenuhnya berbasis Big-Data</p>', '<p>We create big data-based content</p>', '2018-01-27 18:02:30', '2019-08-07 01:19:26', 1),
(8, 'home', '<p>Cerita Lainnya</p>', '<p>Other Stories</p>', '2018-01-27 18:02:46', '2018-01-27 18:37:49', 1),
(9, 'home', '<p>Siapa Kami&nbsp;</p>', '<p>Who we are</p>', '2018-01-27 18:03:19', '2018-03-16 08:02:31', 1),
(10, 'home', '<p>Mari terhubung dengan kami</p>', '<p>Let&rsquo;s get in touch</p>', '2018-01-27 18:03:38', '2018-03-26 02:13:48', 1),
(11, 'home', '<p>Full Team</p>', '<p>Full Team</p>', '2018-01-27 18:03:48', '2018-01-27 18:03:48', 1),
(12, 'home', '<p>Saat big data bertemu dengan pemasaran digital</p>', '<p>When big data meet digital marketing</p>', '2018-01-27 18:04:01', '2018-03-26 02:15:15', 1),
(13, 'home', '<p>Unduh profil perusahaan kami&nbsp;</p>', '<p>Download Our Company Profile&nbsp;</p>', '2018-01-27 18:04:13', '2018-03-26 02:16:25', 1),
(14, 'home', '<p>Download Profil Perusahaan&nbsp;</p>', '<p>Download Our Company Profile</p>', '2018-01-27 18:04:33', '2019-08-07 01:06:31', 1),
(15, 'home', '<p>Definisi</p>', '<p>A Clearly Defined</p>', '2018-01-27 18:04:44', '2019-08-07 01:14:15', 1),
(16, 'home', '<p>Proposisi nilai pelanggan</p>', '<p>Online customer value proposition</p>', '2018-01-27 18:05:02', '2018-03-01 05:30:16', 1),
(17, 'home', '<p>Berita Terkini</p>', '<p>Keep Updates</p>', '2018-01-27 18:05:28', '2018-03-01 05:22:52', 1),
(18, 'home', '<p>Email Berlangganan</p>', '<p>Subscribe to our Newsletters</p>', '2018-01-27 18:05:41', '2018-03-01 05:21:04', 1),
(19, 'home', '<p>Get Started</p>', '<p>Get Started</p>', '2018-01-27 18:05:52', '2018-01-27 18:05:52', 1),
(20, 'service', '<p>Layanan Kami</p>', '<p>Our Services</p>', '2018-01-27 18:08:42', '2019-08-07 01:08:10', 1),
(21, 'service', '<p>Temukan solusi untuk masalah modern</p>', '<p>Find solutions to modern problems</p>', '2018-01-27 18:09:08', '2019-08-07 01:02:54', 1),
(22, 'service', '<p>Kami membantu para klien kami menemukan solusi dari permasalahan yang terjadi dengan menganalisis secara digital lewat <em>tools </em>yang modern.&nbsp;</p>', '<p>We help our clients find solutions to modern problems.</p>', '2018-01-27 18:09:44', '2018-03-26 02:26:15', 1),
(23, 'about', '<p>Tentang Kami</p>', '<p>About Us</p>', '2018-01-27 18:10:45', '2019-08-07 01:09:05', 1),
(24, 'about', '<p>Kami Adalah Tim Perencana &amp; Pembuat Ide</p>', '<p>We Are a Team of Planners &amp; Makers</p>', '2018-01-27 18:10:57', '2019-08-07 01:15:04', 1),
(25, 'about', '<p>Ahli strategi tajam, periset&nbsp;dan analis . Kami terlibat secara unik dengan seniman dan sejumlah pewarta berbakat. Alhasil,&nbsp; dapat memenuhi solusi yang menginspirasi.</p>', '<p>Razor-sharp strategists, researchers and analysts, uniquely entwined with eclectic artists and poets. It&rsquo;s a perfectly strange mix where rich and inherent tension leads to solutions that are inspired.</p>', '2018-01-27 18:11:25', '2019-05-06 04:32:54', 1),
(26, 'about', '<p>Kami adalah tim perencana dan pengagas ide&nbsp;</p>', '<p>We Are a Team of Planners &amp; Makers</p>', '2018-01-27 18:11:54', '2018-03-26 02:29:15', 1),
(27, 'about', '<p>Ahli strategi, peneliti dan analis tajam secara unik terjalin dengan sejumlah seniman dan pewarta terbaik. Ini adalah perpaduan yang berbeda, di mana ada ketegangan yang namun mengarah ke sebuah solusi yang terinspirasi</p>', '<p>Razor-sharp strategists, researchers and analysts, uniquely entwined with eclectic artists and poets. It&rsquo;s a perfectly strange mix where rich and inherent tension leads to solutions that are inspired.</p>', '2018-01-27 18:12:13', '2018-03-26 02:41:19', 1),
(28, 'about', '<p>We are making headlines</p>', '<p>We are making headlines</p>', '2018-01-27 18:12:29', '2018-01-27 18:12:29', 1),
(29, 'about', '<p>BOD&nbsp;</p>', '<p>Board of Director</p>', '2018-01-27 18:12:48', '2018-03-26 02:29:44', 1),
(30, 'about', '<p>Visioner dan Ekspresif&nbsp;</p>', '<p>The vision &amp; Expression</p>', '2018-01-27 18:13:04', '2018-03-26 02:35:59', 1),
(31, 'about', '<p>MAKERS</p>', '<p>MAKERS</p>', '2018-01-27 18:13:15', '2018-01-27 18:13:15', 1),
(32, 'about', '<p>KONTAK</p>', '<p>CONTACT</p>', '2018-01-27 18:13:27', '2019-08-06 20:14:35', 1),
(33, 'about', '<p>Silahkan hubungi kami</p>', '<p>Let&#39;s connect</p>', '2018-01-27 18:13:46', '2019-08-07 14:24:01', 1),
(34, 'about', '<p>Terima kasih atas minat Anda pada kami dan jangan pernah cukup dengan pengalaman ini!</p>', '<p>Thank you for your interest in our deck with Never Enough Journey!</p>', '2018-01-27 18:13:59', '2018-03-26 02:34:20', 1),
(35, 'works', '<p>Yang Kami Kerjakan</p>', '<p>Our Works</p>', '2018-01-27 18:14:14', '2019-08-07 00:40:47', 1),
(36, 'works', '<p>Ketegangan yang kaya dan inheren mengarah pada solusi</p>', '<p>Rich and inherent tension leads to solutions</p>', '2018-01-27 18:14:29', '2019-08-07 00:33:14', 1),
(37, 'works', '<p>Ahli strategi, peneliti dan analis tajam secara unik terjalin dengan sejumlah seniman dan pewarta terbaik. Ini adalah perpaduan yang berbeda, di mana ada ketegangan, namun mengarah ke sebuah solusi yang menginspirasi.&nbsp;</p>', '<p>Razor-sharp strategists, researchers and analysts, uniquely entwined with eclectic artists and poets. It&rsquo;s a perfectly strange mix where rich and inherent tension leads to solutions that are inspired.</p>', '2018-01-27 18:14:48', '2018-03-26 02:39:22', 1),
(38, 'career', '<p>Kami mencari kandidat!</p>', '<p>We are hiring!</p>', '2018-07-09 07:49:54', '2018-07-09 07:49:54', 1),
(39, 'career', '<p>Ayo bergabung dengan kami dan rasakan suasana bekerja yg sangat menyenangkan</p>', '<p>Come on join with us and you will feel happy</p>', '2018-07-09 07:50:38', '2018-07-09 07:50:38', 1),
(40, 'career', '<p>Ayo bergabung dengan kami dan rasakan suasana bekerja yg sangat menyenangkan</p>', '<p>Come on join with us and you will feel happy</p>', '2018-07-09 07:52:11', '2018-07-09 07:52:11', 2);

-- --------------------------------------------------------

--
-- Table structure for table `tb_user`
--

CREATE TABLE `tb_user` (
  `user_id` int(11) NOT NULL,
  `name` varchar(256) NOT NULL,
  `image` varchar(512) NOT NULL,
  `username` varchar(256) NOT NULL,
  `password` varchar(256) NOT NULL,
  `date_create` datetime NOT NULL,
  `date_update` datetime NOT NULL,
  `status` int(1) NOT NULL DEFAULT '0',
  `last_login` datetime DEFAULT NULL
) ENGINE=InnoDB DEFAULT CHARSET=utf8;

--
-- Dumping data for table `tb_user`
--

INSERT INTO `tb_user` (`user_id`, `name`, `image`, `username`, `password`, `date_create`, `date_update`, `status`, `last_login`) VALUES
(1, 'Superadmin', '6052user.png', 'superadmin', '093450e87c12d421912597880322018c07807d67', '2017-12-30 02:36:02', '2018-01-27 21:29:04', 1, '2021-02-02 12:17:44'),
(2, 'admin', '9911user.png', 'admin', 'dc2494aecf7da638293c5aa773700f9449f0637f', '2017-12-30 16:52:03', '2018-01-27 21:30:28', 1, '2020-09-18 03:38:36');

-- --------------------------------------------------------

--
-- Table structure for table `tb_user_privilege`
--

CREATE TABLE `tb_user_privilege` (
  `user_id` int(11) NOT NULL,
  `menu_id` int(11) NOT NULL,
  `action_id` int(11) NOT NULL
) ENGINE=InnoDB DEFAULT CHARSET=utf8;

--
-- Dumping data for table `tb_user_privilege`
--

INSERT INTO `tb_user_privilege` (`user_id`, `menu_id`, `action_id`) VALUES
(2, 3, 1),
(2, 3, 2),
(2, 3, 3),
(2, 3, 4),
(2, 3, 5),
(2, 4, 1),
(2, 4, 2),
(2, 4, 3),
(2, 4, 4),
(2, 4, 5),
(2, 5, 1),
(2, 5, 2),
(2, 5, 3),
(2, 5, 4),
(2, 5, 5),
(2, 6, 1),
(2, 6, 2),
(2, 6, 3),
(2, 6, 4),
(2, 6, 5),
(2, 7, 1),
(2, 7, 3),
(2, 7, 5),
(2, 8, 1),
(2, 8, 2),
(2, 8, 3),
(2, 8, 4),
(2, 8, 5),
(2, 9, 1),
(2, 9, 3),
(2, 9, 5),
(1, 1, 1),
(1, 1, 2),
(1, 1, 3),
(1, 1, 4),
(1, 1, 5),
(1, 2, 1),
(1, 2, 2),
(1, 2, 3),
(1, 2, 4),
(1, 2, 5),
(1, 3, 1),
(1, 3, 2),
(1, 3, 3),
(1, 3, 4),
(1, 3, 5),
(1, 4, 1),
(1, 4, 2),
(1, 4, 3),
(1, 4, 4),
(1, 4, 5),
(1, 5, 1),
(1, 5, 2),
(1, 5, 3),
(1, 5, 4),
(1, 5, 5),
(1, 6, 1),
(1, 6, 2),
(1, 6, 3),
(1, 6, 4),
(1, 6, 5),
(1, 7, 1),
(1, 7, 2),
(1, 7, 3),
(1, 7, 4),
(1, 7, 5),
(1, 8, 1),
(1, 8, 2),
(1, 8, 3),
(1, 8, 4),
(1, 8, 5),
(1, 9, 1),
(1, 9, 2),
(1, 9, 3),
(1, 9, 4),
(1, 9, 5),
(1, 10, 1),
(1, 10, 2),
(1, 10, 3),
(1, 10, 4),
(1, 10, 5);

--
-- Indexes for dumped tables
--

--
-- Indexes for table `tb_action`
--
ALTER TABLE `tb_action`
  ADD PRIMARY KEY (`action_id`);

--
-- Indexes for table `tb_address`
--
ALTER TABLE `tb_address`
  ADD PRIMARY KEY (`address_id`);

--
-- Indexes for table `tb_banner`
--
ALTER TABLE `tb_banner`
  ADD PRIMARY KEY (`banner_id`);

--
-- Indexes for table `tb_campaign`
--
ALTER TABLE `tb_campaign`
  ADD PRIMARY KEY (`campaign_id`);

--
-- Indexes for table `tb_career`
--
ALTER TABLE `tb_career`
  ADD PRIMARY KEY (`career_id`);

--
-- Indexes for table `tb_client`
--
ALTER TABLE `tb_client`
  ADD PRIMARY KEY (`client_id`);

--
-- Indexes for table `tb_menu`
--
ALTER TABLE `tb_menu`
  ADD PRIMARY KEY (`menu_id`);

--
-- Indexes for table `tb_service`
--
ALTER TABLE `tb_service`
  ADD PRIMARY KEY (`service_id`);

--
-- Indexes for table `tb_strength`
--
ALTER TABLE `tb_strength`
  ADD PRIMARY KEY (`strength_id`);

--
-- Indexes for table `tb_subscribe`
--
ALTER TABLE `tb_subscribe`
  ADD PRIMARY KEY (`id`);

--
-- Indexes for table `tb_team`
--
ALTER TABLE `tb_team`
  ADD PRIMARY KEY (`team_id`);

--
-- Indexes for table `tb_text`
--
ALTER TABLE `tb_text`
  ADD PRIMARY KEY (`text_id`);

--
-- Indexes for table `tb_user`
--
ALTER TABLE `tb_user`
  ADD PRIMARY KEY (`user_id`);

--
-- AUTO_INCREMENT for dumped tables
--

--
-- AUTO_INCREMENT for table `tb_action`
--
ALTER TABLE `tb_action`
  MODIFY `action_id` int(11) NOT NULL AUTO_INCREMENT, AUTO_INCREMENT=6;

--
-- AUTO_INCREMENT for table `tb_address`
--
ALTER TABLE `tb_address`
  MODIFY `address_id` int(11) NOT NULL AUTO_INCREMENT;

--
-- AUTO_INCREMENT for table `tb_banner`
--
ALTER TABLE `tb_banner`
  MODIFY `banner_id` int(11) NOT NULL AUTO_INCREMENT, AUTO_INCREMENT=2;

--
-- AUTO_INCREMENT for table `tb_campaign`
--
ALTER TABLE `tb_campaign`
  MODIFY `campaign_id` int(11) NOT NULL AUTO_INCREMENT, AUTO_INCREMENT=5;

--
-- AUTO_INCREMENT for table `tb_career`
--
ALTER TABLE `tb_career`
  MODIFY `career_id` int(11) NOT NULL AUTO_INCREMENT, AUTO_INCREMENT=5;

--
-- AUTO_INCREMENT for table `tb_client`
--
ALTER TABLE `tb_client`
  MODIFY `client_id` int(11) NOT NULL AUTO_INCREMENT, AUTO_INCREMENT=57;

--
-- AUTO_INCREMENT for table `tb_menu`
--
ALTER TABLE `tb_menu`
  MODIFY `menu_id` int(11) NOT NULL AUTO_INCREMENT, AUTO_INCREMENT=11;

--
-- AUTO_INCREMENT for table `tb_service`
--
ALTER TABLE `tb_service`
  MODIFY `service_id` int(11) NOT NULL AUTO_INCREMENT, AUTO_INCREMENT=8;

--
-- AUTO_INCREMENT for table `tb_strength`
--
ALTER TABLE `tb_strength`
  MODIFY `strength_id` int(11) NOT NULL AUTO_INCREMENT, AUTO_INCREMENT=7;

--
-- AUTO_INCREMENT for table `tb_subscribe`
--
ALTER TABLE `tb_subscribe`
  MODIFY `id` int(11) NOT NULL AUTO_INCREMENT, AUTO_INCREMENT=5;

--
-- AUTO_INCREMENT for table `tb_team`
--
ALTER TABLE `tb_team`
  MODIFY `team_id` int(11) NOT NULL AUTO_INCREMENT, AUTO_INCREMENT=12;

--
-- AUTO_INCREMENT for table `tb_text`
--
ALTER TABLE `tb_text`
  MODIFY `text_id` int(11) NOT NULL AUTO_INCREMENT, AUTO_INCREMENT=41;

--
-- AUTO_INCREMENT for table `tb_user`
--
ALTER TABLE `tb_user`
  MODIFY `user_id` int(11) NOT NULL AUTO_INCREMENT, AUTO_INCREMENT=3;
COMMIT;

/*!40101 SET CHARACTER_SET_CLIENT=@OLD_CHARACTER_SET_CLIENT */;
/*!40101 SET CHARACTER_SET_RESULTS=@OLD_CHARACTER_SET_RESULTS */;
/*!40101 SET COLLATION_CONNECTION=@OLD_COLLATION_CONNECTION */;
